source_system,source_name,matched_canonical_name,confidence,canonical_id,review_status,notes
rhowardstone,Christine ?,Christine,0.9,PER-00297,,
rhowardstone,Gabrielle ?,Gabrielle,0.9,PER-00559,,
epstein-docs,Ann Marie C. Villafana,Marie Villafana,0.9,PER-00960,,
epstein-docs,"Calvin, W.C.","Calvin, W. H.",0.9,PER-02767,,
epstein-docs,"Greene, C.M.","Greene, C.",0.9,PER-04471,,
epstein-docs,Greenspan M,Greenspan,0.9,PER-04477,,
epstein-docs,"Hanson, R.K.","Hanson, R. F.",0.9,PER-04609,,
epstein-docs,"Hughes, D.M.",D. Hughes,0.9,PER-03247,,
epstein-docs,Jim Epstein,Jeffrey Epstein,0.9,PER-00728,,
epstein-docs,"Morgan, C.A.",C. A. Morgan III,0.9,PER-02683,,
epstein-docs,"Wright, D.B.",D. Wright,0.9,PER-03260,,
epstein-docs,American Psychologist,American Academy of Forensic Psychology (AAFP),0.9,ORG-00161,,
epstein-docs,"California State University, Chico",California State University,0.9,ORG-00534,,
epstein-docs,DOJ Antitrust Division,Antitrust Division,0.9,ORG-00213,,
epstein-docs,"FragranceX.com, Inc.","FragranceNet.com, Inc.",0.9,ORG-01247,,
epstein-docs,"HADDON, MORGAN and FOREMAN, P.C.","HADDON MORGAN & FOREMAN, P.C.",0.9,ORG-01395,,
epstein-docs,MRC Applied Psychology,Applied Cognitive Psychology,0.9,ORG-00222,,
epstein-docs,Maricopa County District Attorney's Office,Erie County District Attorney's Office,0.9,ORG-01065,,
epstein-docs,PARM BECH NATIOAL BANK & TRUST,PALM BEACH NATIONAL BANK & TRU,0.9,ORG-02505,,
epstein-docs,No. 9 East 71st Street,9 East 71st Street,0.9,LOC-00089,,
doc-explorer,360 East 89th Street,302 East 96th Street,0.9,PER-09896,,
doc-explorer,Alan Seckel,Al Seckel,0.9,PER-00053,,
doc-explorer,Asbjørn Hróbjartsson,Asbjorn Hrébjartsson,0.9,PER-10865,,
doc-explorer,GW Pharmaceuticals PLC,GW Pharmaceuticals,0.9,PER-14473,,
doc-explorer,Harvard Graduate School of Education,Dean of Harvard Graduate School of Education,0.9,PER-13068,,
doc-explorer,KUE LLC and affiliates,KLC and affiliates,0.9,PER-16577,,
doc-explorer,The Future of Payments,Future of Payments,0.9,PER-14439,,
doc-explorer,The Night Before Party,Night Before Party,0.9,PER-18547,,
doc-explorer,Two Israeli reservists,Israeli reservists,0.9,PER-15644,,
doc-explorer,sexual exploitation and prostitution charges,sexual exploitation and prostitution,0.9,PER-27783,,
doc-explorer,the Halloween Massacre,Halloween Massacre,0.9,PER-14931,,
doc-explorer,think tank analysts,US think tank analyst,0.9,PER-22215,,
doc-explorer,undercover ATF agent,Federal Bureau of Investigation Forensics Laboratory,0.9,ORG-01145,,
doc-explorer,whistleblower awards,Edward Snowden,0.9,PER-13575,,
doc-explorer,embryonic stem cell research restrictions reversal,embryonic stem cell research restrictions,0.9010989010989011,PER-24642,,
epstein-docs,Western Psychological Association,Southwestern Psychological Association,0.9014084507042255,ORG-02998,,
doc-explorer,UC Berkeley Free Speech Movement sit-in,UC Berkeley Free Speech Movement,0.9014084507042255,PER-22119,,
epstein-docs,J Am Acad Psychiatry Law,Bull Am Acad Psychiatry Law,0.9019607843137255,ORG-00445,,
doc-explorer,330 South Ocean Boulevard,1094 South Ocean Boulevard,0.9019607843137255,PER-09694,,
doc-explorer,Academy Awards ceremony,85th Academy Awards ceremony,0.9019607843137255,PER-09986,,
doc-explorer,Department of Education,U.S. Department of Education,0.9019607843137255,ORG-03289,,
doc-explorer,Mueller Special Counsel team,Mueller Special Counsel,0.9019607843137255,PER-18147,,
doc-explorer,international sex operation,International Assets Group financial operations,0.9019607843137255,PER-15425,,
epstein-docs,Montgomery County District Attorney's Office,District Attorney of Montgomery County,0.9024390243902439,ORG-00953,,
doc-explorer,Strange Bedfellows episode with economist,Strange Bedfellows episode with biologist,0.9024390243902439,PER-21048,,
epstein-docs,AUDREY RAMBAULT,ANDREY RAIMBAULT,0.9032258064516128,PER-01795,,
epstein-docs,David R. Rogers,David R. Roberts,0.9032258064516128,PER-00400,,
epstein-docs,Frances Jardine,Frances Hardinge,0.9032258064516128,PER-04098,,
epstein-docs,Frances Larding,Frances Hardinge,0.9032258064516128,PER-04098,,
epstein-docs,Gregory Parkinson,Greg Parkinson,0.9032258064516128,PER-04486,,
epstein-docs,NA PROPERTY INC,"N.A. Property, Inc.",0.9032258064516128,ORG-02127,,
epstein-docs,Seventh Circuit,Eleventh Circuit Court of Appeals,0.9032258064516128,ORG-01038,,
epstein-docs,University Bonn,Brown University,0.9032258064516128,ORG-00438,,
epstein-docs,Parkview Drive,16 Parkview Drive,0.9032258064516128,LOC-00024,,
epstein-docs,Seventh Circuit,Eleventh Circuit,0.9032258064516128,LOC-00626,,
epstein-docs,Virgin Islands,U.S. Virgin Islands,0.9032258064516128,LOC-01887,,
doc-explorer,Bernon Mitchell,Brandon Mitchell,0.9032258064516128,PER-02541,,
doc-explorer,Christian Brando,Brian Christian,0.9032258064516128,PER-11612,,
doc-explorer,Department of Education history curriculum pamphlet,Department of Education history curriculum,0.9032258064516128,PER-13162,,
doc-explorer,J.P. Morgan Chase,JPMorgan Chase,0.9032258064516128,ORG-00011,,
doc-explorer,Joseph Weizenbaum,Joe Weizenbaum,0.9032258064516128,PER-16244,,
doc-explorer,Marie Villafafia,Marie Villafana,0.9032258064516128,PER-00960,,
doc-explorer,Marie Villafaila,Marie Villafana,0.9032258064516128,PER-00960,,
doc-explorer,Marie Villafalia,Marie Villafana,0.9032258064516128,PER-00960,,
doc-explorer,Marie Villafaria,Marie Villafana,0.9032258064516128,PER-00960,,
doc-explorer,Marty Feldstein,Martin Feldstein,0.9032258064516128,PER-17560,,
doc-explorer,Michael Chagares,Charles Michael,0.9032258064516128,PER-12110,,
doc-explorer,Michael Douglas,Douglas Mitchell,0.9032258064516128,PER-03640,,
doc-explorer,Milken Conference,Conference of Major Superiors of Men,0.9032258064516128,ORG-00734,,
doc-explorer,Palm Beach home,Palm Beach Residence,0.9032258064516128,LOC-01462,,
doc-explorer,Sales Executive,Executive Office for the United States,0.9032258064516128,ORG-01085,,
doc-explorer,TEDMED Conference,TED Conference,0.9032258064516128,PER-21239,,
doc-explorer,Today Show on NBC,NBC Today Show,0.9032258064516128,PER-18221,,
doc-explorer,email recipient,Email communication recipients,0.9032258064516128,PER-13726,,
doc-explorer,equity markets,US equity markets,0.9032258064516128,PER-22198,,
doc-explorer,immigration ban,boat to circumvent immigration,0.9032258064516128,PER-23678,,
doc-explorer,student at Case Western Reserve University,Case Western Reserve University student publication,0.9032258064516128,PER-12005,,
epstein-docs,United States Treasury Department,United States Department of the Treasury,0.904109589041096,ORG-03396,,
doc-explorer,JAM v. International Finance Corporation,International Finance Corporation,0.904109589041096,PER-15433,,
epstein-docs,Duke of Westminster,Gerald Grosvenor,0.9047619047619048,PER-00580,,
epstein-docs,Elizabeth F. Loftus,Dr. Elizabeth F. Loftus,0.9047619047619048,PER-00470,,
epstein-docs,Law Education Institute,Institute of Financial Education,0.9047619047619048,ORG-01568,,
epstein-docs,The Dallas Morning News,Dallas Morning News,0.9047619047619048,ORG-00875,,
epstein-docs,Wall Street Journal,The Wall Street Journal,0.9047619047619048,ORG-03207,,
epstein-docs,Mr. Epstein's residence,Epstein's residence,0.9047619047619048,LOC-00639,,
doc-explorer,Booz Allen Hamilton/NSA,Booz Allen Hamilton,0.9047619047619048,PER-11465,,
doc-explorer,U.S. Attorney General,USVI Attorney General,0.9047619047619048,ORG-03362,,
doc-explorer,USD/JPY currency pair,EUR/JPY currency pair,0.9047619047619048,PER-13507,,
doc-explorer,proposed IRS response,IRS response proposal,0.9047619047619048,PER-15310,,
doc-explorer,travel arrangements,air travel arrangements,0.9047619047619048,PER-23304,,
doc-explorer,JPMorgan Chase Private Bank client coverage teams,J.P. Morgan Private Bank client coverage teams,0.9052631578947369,PER-15721,,
epstein-docs,"BOIES, SCHILLER & FLEXNER, LLP",BOIES SCHILLER & FLEXNER,0.9056603773584907,ORG-00308,,
epstein-docs,"University of Texas, Houston",University of Texas at Austin,0.9056603773584907,ORG-03490,,
doc-explorer,First Assistant U.S. Attorney,Assistant U.S. Attorneys,0.9056603773584907,ORG-00255,,
doc-explorer,Israeli government official (Barak),Iraqi government officials,0.9056603773584907,PER-15507,,
doc-explorer,Syria military intervention,Iran,0.9056603773584907,LOC-00905,,
doc-explorer,US presidential election,2008 U.S. Presidential Election,0.9056603773584907,PER-09805,,
doc-explorer,five Syrian military officers,Syrian military officers,0.9056603773584907,PER-21219,,
doc-explorer,sexual abuse of minor girls,his sexual abuse of minors,0.9056603773584907,PER-25401,,
doc-explorer,SERE-based interrogation techniques,SERE interrogation techniques,0.90625,PER-20141,,
doc-explorer,email communication and attachments,communication and attachments,0.90625,PER-24019,,
epstein-docs,Georgetown University School of Medicine,Brown University School of Medicine,0.9066666666666666,ORG-00439,,
doc-explorer,"Farmer, Jaffe, Weissing, Edwards, Fistos & Lehrman",Farmer Jaffe Weissing Edwards Fistos and Lehrman,0.9072164948453608,PER-14117,,
epstein-docs,Alessi/Juan,Juan Alessi,0.9090909090909091,PER-00801,,
epstein-docs,David Ruddy,David Roddy,0.9090909090909091,PER-00411,,
epstein-docs,David Rudge,DAVID RODRIGUEZ,0.9090909090909091,PER-03301,,
epstein-docs,Emma Tayler,Emmy Tayler,0.9090909090909091,PER-00521,,
epstein-docs,Gary Kernev,Gary Kerney,0.9090909090909091,PER-00564,,
epstein-docs,Irwin Hurst,Hurst/Irwin,0.9090909090909091,PER-04831,,
epstein-docs,Irwin Mayer,Erwin Mayer,0.9090909090909091,PER-03898,,
epstein-docs,J. Sullivan,B. Sullivan,0.9090909090909091,PER-02192,,
epstein-docs,James Wells,James C. Wills,0.9090909090909091,PER-00686,,
epstein-docs,Jimmy Cavne,Jimmy Cayne,0.9090909090909091,PER-00760,,
epstein-docs,John Kennedy,Jo Kennedy,0.9090909090909091,PER-05234,,
epstein-docs,L. Ahlgrim-Delzell,Ahlgrim-Delzell,0.9090909090909091,PER-01880,,
epstein-docs,Lieutenant (b)(6); (b)(7)(C),Lieutenant (unnamed),0.9090909090909091,PER-00918,,
epstein-docs,MS. EPSTEIN,Jeffrey Epstein,0.9090909090909091,PER-00728,,
epstein-docs,Marc Fisher,Mark Fisher,0.9090909090909091,PER-00966,,
epstein-docs,"Marshall, J.",E. G. Marshall,0.9090909090909091,PER-03735,,
epstein-docs,Roben Plant,Robin Plant,0.9090909090909091,PER-01309,,
epstein-docs,"Stepehns, J.",J. Stephens,0.9090909090909091,PER-04957,,
epstein-docs,Thompson JD,AD Thompson,0.9090909090909091,PER-00037,,
epstein-docs,Wendy Olsen,Wendy Olson,0.9090909090909091,PER-01513,,
epstein-docs,DA's office,AG's office,0.9090909090909091,ORG-00067,,
epstein-docs,Department of Corrections,D.C. Department of Corrections,0.9090909090909091,ORG-00847,,
epstein-docs,Kings County District Attorney's Office,Erie County District Attorney's Office,0.9090909090909091,ORG-01065,,
epstein-docs,The National Law Journal,National Law Journal,0.9090909090909091,ORG-02257,,
epstein-docs,The New York Law Journal,New York Law Journal,0.9090909090909091,ORG-02312,,
epstein-docs,Twente University,Trent University,0.9090909090909091,ORG-03249,,
epstein-docs,United States Courts,United States Courthouse,0.9090909090909091,ORG-03391,,
epstein-docs,19th Street,17th Street,0.9090909090909091,LOC-00025,,
epstein-docs,3 EPO OFFICE,(sp)EPO OFFICE,0.9090909090909091,LOC-00004,,
epstein-docs,66th Street,64th Street,0.9090909090909091,LOC-00072,,
epstein-docs,69th Street,59th Street,0.9090909090909091,LOC-00069,,
epstein-docs,81st Street,51st Street,0.9090909090909091,LOC-00064,,
epstein-docs,88th Street,84th Street apartment,0.9090909090909091,LOC-00086,,
epstein-docs,garden room,Warden conference room,0.9090909090909091,LOC-01970,,
doc-explorer,$9 trillion (62 percent of GDP),$1 trillion,0.9090909090909091,PER-09613,,
doc-explorer,1495 N Ocean Boulevard,1446 N Ocean Boulevard,0.9090909090909091,PER-09732,,
doc-explorer,1931_births,1923_births,0.9090909090909091,PER-09767,,
doc-explorer,2020 presidential election,2012 us presidential election,0.9090909090909091,PER-09816,,
doc-explorer,Ahmed Qurei,Ahmed Qorei,0.9090909090909091,PER-10259,,
doc-explorer,Ana Obregón,Ana Obregon,0.9090909090909091,PER-10598,,
doc-explorer,Brexit_referendum_vote,Brexit referendum,0.9090909090909091,PER-11580,,
doc-explorer,"Brickwork in Bangalore, India","Brickwork (Bangalore, India)",0.9090909090909091,PER-11623,,
doc-explorer,Chinese censors,Chinese Great Firewall internet censorship,0.9090909090909091,PER-12269,,
doc-explorer,Chinese internet (Great Firewall),Chinese business interests,0.9090909090909091,PER-12286,,
doc-explorer,Deepak Chopra's mother,Deepak Chopra's father,0.9090909090909091,PER-13106,,
doc-explorer,Donald Trump rape lawsuit case,Donald Trump rape lawsuit,0.9090909090909091,PER-13333,,
doc-explorer,E Management,Management & Budget Division,0.9090909090909091,ORG-01942,,
doc-explorer,French presidents,French President,0.9090909090909091,PER-14385,,
doc-explorer,Hallo R. Alberts,Hallie R. Alberts,0.9090909090909091,PER-14930,,
doc-explorer,Hugo Chávez,Hugo Chavez,0.9090909090909091,PER-15253,,
doc-explorer,Intelligence Squared (UK) Ltd,Intelligence Squared,0.9090909090909091,PER-15413,,
doc-explorer,Iyad Allawi,Ayad Allawi,0.9090909090909091,PER-10979,,
doc-explorer,James Randi,Randy James,0.9090909090909091,PER-07837,,
doc-explorer,Jamie Clark,James H Clark,0.9090909090909091,PER-15833,,
doc-explorer,John Whelan,John Phelan,0.9090909090909091,PER-00786,,
doc-explorer,Larry Cohen,Larry Coben,0.9090909090909091,PER-05892,,
doc-explorer,Louie Freeh,Louis Freeh,0.9090909090909091,PER-06171,,
doc-explorer,MC2 Model Management USA,MC2 Model Management,0.9090909090909091,PER-17305,,
doc-explorer,Mark Hauser,Marc D. Hauser,0.9090909090909091,PER-17440,,
doc-explorer,Michael McConnell,Michael Connelly,0.9090909090909091,PER-06747,,
doc-explorer,Mikael Gorbachev,Michael Gorbachev,0.9090909090909091,PER-17799,,
doc-explorer,Partners in Health,Health Care Partners,0.9090909090909091,ORG-01450,,
doc-explorer,Raúl Castro,Raul Castro,0.9090909090909091,PER-19599,,
doc-explorer,Robin Reach,Robin Leach,0.9090909090909091,PER-01308,,
doc-explorer,Russia / NSA,NSA surveillance capabilities on Russia,0.9090909090909091,PER-18276,,
doc-explorer,Smithsonian Institution,Smithsonian Institute,0.9090909090909091,ORG-02952,,
doc-explorer,Thorbjon Jaglian,Thorbjorn Jagland,0.9090909090909091,PER-01445,,
doc-explorer,UC Berkeley,"Berkeley, Ca.",0.9090909090909091,LOC-00261,,
doc-explorer,UK-China relations,China policy,0.9090909090909091,PER-12218,,
doc-explorer,William A. Haseltine,Dr. William A. Haseltine,0.9090909090909091,PER-13423,,
doc-explorer,civil complaint,civil complainants,0.9090909090909091,PER-23930,,
doc-explorer,classified documents,Edward Snowden,0.9090909090909091,PER-13575,,
doc-explorer,scientists at RAND,RAND Corporation scientists,0.9090909090909091,PER-19514,,
doc-explorer,soliciting prostitution,soliciting an underage prostitute,0.9090909090909091,PER-27908,,
doc-explorer,soliciting prostitution from a minor,solicitation of prostitution from a minor,0.9090909090909091,PER-27906,,
doc-explorer,trading operations,options trading,0.9090909090909091,PER-26659,,
doc-explorer,United States Attorney's Office Miami,United States Attorney Southern District of Florida,0.9117647058823529,ORG-03380,,
epstein-docs,"Boies, Schiller and Flexner LLP",BOIES SCHILLER & FLEXNER,0.9122807017543859,ORG-00308,,
doc-explorer,Cannabis Investment Report,2018 Cannabis Investment Report,0.9122807017543859,PER-09836,,
doc-explorer,Fannie Mae and Freddie Mac GSEs,Fannie Mae and Freddie Mac,0.9122807017543859,PER-14111,,
doc-explorer,Mercedes Benz Fashion Week Show,Mercedes Benz Fashion Week,0.9122807017543859,PER-17731,,
doc-explorer,People's Republic of China flag,China,0.9122807017543859,LOC-00399,,
epstein-docs,NER Correctional Services,Correctional Service Department Northeast Region,0.9130434782608696,ORG-00772,,
epstein-docs,Ohio Association of Criminal Defense Lawyers,National Association of Criminal Defense Lawyers (NACDL),0.9130434782608696,ORG-02229,,
epstein-docs,Psychology Department,BYU Psychology Department,0.9130434782608696,ORG-00313,,
epstein-docs,The Institute of Medicine,Institute of Medicine,0.9130434782608696,ORG-01571,,
epstein-docs,The Philadelphia Inquirer,Philadelphia Inquirer,0.9130434782608696,ORG-02600,,
doc-explorer,Clarisse Thorn's mother,Clarisse Thorn's father,0.9130434782608696,PER-12453,,
doc-explorer,Dr. Christine Blasey Ford,Christine Blasey Ford,0.9130434782608696,PER-12400,,
doc-explorer,NSA counterintelligence,CIA Soviet bloc counterintelligence,0.9130434782608696,PER-11805,,
doc-explorer,Prime Minister of Israel,Israeli Prime Minister (unnamed in excerpt),0.9130434782608696,PER-15582,,
doc-explorer,Trader Joe's for unsustainable seafood sales,Trader Joe's for unsustainable seafood practices,0.9130434782608696,PER-21735,,
doc-explorer,V.I. Justice Department,U.S. Department of Justice (DOJ),0.9130434782608696,ORG-03290,,
doc-explorer,media coverage and Brexit,Brexit media coverage,0.9130434782608696,PER-11575,,
doc-explorer,recreational cannabis law,recreational cannabis,0.9130434782608696,PER-27380,,
epstein-docs,Legoretta/Richardo,Ricardo Legoretta,0.9142857142857143,PER-01268,,
epstein-docs,Nicole Junicermann,Nicole Junkermann,0.9142857142857143,PER-01153,,
epstein-docs,University of Haifa,Haifa University,0.9142857142857143,ORG-01415,,
epstein-docs,Zorro Ranch Road,49 ZORRO RANCH ROAD,0.9142857142857143,LOC-00058,,
doc-explorer,Guy Oseary's house,Guy Oseary's home,0.9142857142857143,PER-14880,,
doc-explorer,Islamic terrorism,Islamic aid organizations providing funds to terrorists,0.9142857142857143,PER-15539,,
doc-explorer,Marlboro College,Marlborough College,0.9142857142857143,ORG-01954,,
doc-explorer,Melanie Spinella Bo,Melanie Spinella,0.9142857142857143,PER-01536,,
doc-explorer,"Paul Cassell, Edwards, and Ms. Giuffre","Edwards, Cassell, and Ms. Giuffre",0.9142857142857143,PER-13592,,
doc-explorer,Russian positions,Russian opposition,0.9142857142857143,PER-20074,,
doc-explorer,UN General Assembly,General Assembly,0.9142857142857143,PER-14534,,
doc-explorer,InfoSpan v. Emirates NBD Bank,Emirates NBD Bank and InfoSpan,0.9152542372881356,PER-13747,,
doc-explorer,Screen Actors Guild Pension Plan,Screen Actors Guild Pension,0.9152542372881356,PER-20403,,
doc-explorer,U.S. Office of Government Ethics,Office of Government Ethics,0.9152542372881356,PER-18715,,
doc-explorer,chemical weapons production facilities,Syrian chemical weapons,0.9156626506024097,PER-21196,,
rhowardstone,Steve Lister (Pilot),Steve Lester,0.9166666666666665,PER-01401,,
epstein-docs,"Balazs, Andro",André Balazs,0.9166666666666665,PER-00110,,
epstein-docs,"Bernstein, E.","Bernstein, D. M.",0.9166666666666665,PER-02382,,
epstein-docs,David Muller,David Mullen,0.9166666666666665,PER-00391,,
epstein-docs,David Wodger,DAVID RODRIGUEZ,0.9166666666666665,PER-03301,,
epstein-docs,Frank Gimble,Frank Gamble (Pilot),0.9166666666666665,PER-01726,,
epstein-docs,Henry Kravls,Henry Kravis,0.9166666666666665,PER-00628,,
epstein-docs,Janice Farmer,Jane Farmer,0.9166666666666665,PER-05092,,
epstein-docs,Judge Ferman,Judge Berman,0.9166666666666665,PER-05398,,
epstein-docs,"Keating, J.P.","Keating, J.C.",0.9166666666666665,PER-05603,,
epstein-docs,"Klemfuss, J.Z.","Klemfuss, J. Z.",0.9166666666666665,PER-05721,,
epstein-docs,Marino/Peter,Peter Marino,0.9166666666666665,PER-01213,,
epstein-docs,"Meister, Todd",Todd Meistor,0.9166666666666665,PER-01456,,
epstein-docs,Michael Doss,Doss/Michael,0.9166666666666665,PER-00460,,
epstein-docs,Peter Dubin,Peter Dubinin,0.9166666666666665,PER-01209,,
epstein-docs,Showalter CR,C. Robert Showalter,0.9166666666666665,PER-02687,,
epstein-docs,Tin Yat Chin,Tan Yat Chin,0.9166666666666665,PER-08859,,
epstein-docs,Yates Andrew,Andrea Pia Yates,0.9166666666666665,PER-02029,,
epstein-docs,CLC New York,MCC New York,0.9166666666666665,ORG-00020,,
epstein-docs,"HADDON, MORGAN & FOREMAN",HADDON MORGAN AND FOREMAN,0.9166666666666665,ORG-01396,,
epstein-docs,The League of Women Voters,League of Women Voters,0.9166666666666665,ORG-01837,,
epstein-docs,8 3 SALLY OFF,3 SALLY OFF,0.9166666666666665,LOC-00049,,
epstein-docs,"Lexington, MS","Lexington, MA",0.9166666666666665,LOC-01063,,
doc-explorer,$115 billion,$1.5 billion,0.9166666666666665,PER-09617,,
doc-explorer,$273 billion,$272 billion,0.9166666666666665,PER-09635,,
doc-explorer,50434335050000211 parcel (South Ocean Boulevard),50434335050000202 parcel (Woodbridge Road),0.9166666666666665,PER-09947,,
doc-explorer,Adaptive Recurrent Neural Network (ARNN) model,Adaptive Recurrent Neural Network (ARNN),0.9166666666666665,PER-10196,,
doc-explorer,Alan Dershowitz's mother,Alan Dershowitz's father,0.9166666666666665,PER-10326,,
doc-explorer,Brook Pierce,Brock Pierce,0.9166666666666665,PER-00217,,
doc-explorer,Eric Schmitt,Eric Schmidt,0.9166666666666665,PER-00527,,
doc-explorer,Fanjul Jose F,Pepe Fanjul,0.9166666666666665,PER-01202,,
doc-explorer,James Gorman,James Forman Jr.,0.9166666666666665,PER-15830,,
doc-explorer,Jeffrey Epstein's counsel,Jeffrey Epstein's residence,0.9166666666666665,LOC-00933,,
doc-explorer,Kamal Nasser,Gamal Abdel Nasser,0.9166666666666665,PER-14492,,
doc-explorer,Kamal Nasser (Palestinian Fatah spokesman),Gamal Abdel Nasser,0.9166666666666665,PER-14492,,
doc-explorer,Kevin Neater,Kevin G. Nealer,0.9166666666666665,PER-16738,,
doc-explorer,Lesley Groft,Lesley Groff,0.9166666666666665,PER-00911,,
doc-explorer,Marvin Davis,Martin Davis,0.9166666666666665,PER-17558,,
doc-explorer,Mueller_team,Mueller investigation team,0.9166666666666665,PER-18153,,
doc-explorer,Pan American World Airways,American World Airways,0.9166666666666665,PER-10519,,
doc-explorer,Paul Atkins,Paul Atkinson,0.9166666666666665,PER-07510,,
doc-explorer,Peter Norton,Peter Morton,0.9166666666666665,PER-07586,,
doc-explorer,Richard Burt,Richard Burr,0.9166666666666665,PER-19736,,
doc-explorer,Richard Kahr,Richard D. Kahn,0.9166666666666665,PER-01274,,
doc-explorer,Robert Durst,"Hurst, Robert J.",0.9166666666666665,PER-04830,,
doc-explorer,Sarah Keller,Sarah Kellen,0.9166666666666665,PER-01340,,
doc-explorer,The Queen's birthday party,Queen's birthday party,0.9166666666666665,PER-19495,,
doc-explorer,US equities,U.S. equities,0.9166666666666665,PER-22037,,
doc-explorer,Viktor Orbán,Viktor Orban,0.9166666666666665,PER-22579,,
doc-explorer,Wall Street 2,Wall Street,0.9166666666666665,LOC-01967,,
doc-explorer,Weinstein Company's Pre-Oscar party,The Weinstein Company Pre-Oscar party,0.9166666666666665,PER-21530,,
doc-explorer,coconspirators of Epstein,Epstein co-conspirators,0.9166666666666665,PER-13813,,
doc-explorer,her Hulu show cancellation,Hulu show cancellation,0.9166666666666665,PER-15259,,
doc-explorer,media/public,media and public,0.9166666666666665,PER-26153,,
doc-explorer,sexual abuse of minors,his sexual abuse of minors,0.9166666666666665,PER-25401,,
doc-explorer,the Turing Machine concept,Turing Machine concept,0.9166666666666665,PER-21904,,
doc-explorer,two Initial Coin Offerings,Initial Coin Offerings,0.9166666666666665,PER-15394,,
doc-explorer,farmers and fishermen and local village,Indian farmers and fishermen and local village,0.9176470588235294,PER-15374,,
epstein-docs,"HADDON, MORGAN, AND FOREMAN, P.C.","HADDON MORGAN & FOREMAN, P.C.",0.9180327868852458,ORG-01395,,
doc-explorer,Fourth Circuit Court of Appeals,Fifth Circuit Court of Appeals,0.9180327868852458,PER-14184,,
doc-explorer,Knowledge Universe Education Inc.,Knowledge Universe Education (KUE),0.9180327868852458,PER-16836,,
doc-explorer,U.S. Food and Drug Administration,Food and Drug Administration,0.9180327868852458,ORG-01211,,
doc-explorer,left investment banking career,leave investment banking career,0.9180327868852458,PER-25887,,
epstein-docs,Clare Hazell-Jeagh,Clare Hazell-Iveagh,0.9189189189189189,PER-00311,,
epstein-docs,J. Stanley Pottinger,Stanley Pottinger,0.9189189189189189,PER-01388,,
epstein-docs,Stanford University,Salford University,0.9189189189189189,ORG-02851,,
epstein-docs,University of Kansas,Kansas State University,0.9189189189189189,ORG-01733,,
epstein-docs,University of Oregon,Oregon State University,0.9189189189189189,ORG-02472,,
doc-explorer,A. Marie Villafafia,A. Marie Villapania,0.9189189189189189,PER-00030,,
doc-explorer,Chinese regulators,Chinese online news censorship regulations,0.9189189189189189,PER-12337,,
doc-explorer,Israeli command post,Israeli Navy commandos,0.9189189189189189,PER-15580,,
doc-explorer,J. Stanley Pottinger,Stanley Pottinger,0.9189189189189189,PER-01388,,
doc-explorer,Stanford University,Salford University,0.9189189189189189,ORG-02851,,
doc-explorer,foreign investors,91 foreign investors,0.9189189189189189,PER-09995,,
doc-explorer,foreign journalists,Foreign Policy journalist,0.9189189189189189,PER-14286,,
doc-explorer,legal professionals,Legal professional,0.9189189189189189,PER-17058,,
doc-explorer,president of Harvard,Harvard president,0.9189189189189189,PER-15000,,
doc-explorer,recreational cannabis legalization plans,recreational cannabis legalization,0.9189189189189189,PER-27381,,
epstein-docs,The Federal Judicial Center,Federal Judicial Center,0.92,ORG-01156,,
doc-explorer,commander of Sayeret Matkal,Sayeret Matkal commando,0.92,PER-20357,,
doc-explorer,recipient of communication,communication recipients,0.92,PER-24024,,
doc-explorer,"Allen Guthrie McHugh & Thomas, PLLC",Allen Guthrie McHugh & Thomas,0.9206349206349206,PER-10453,,
doc-explorer,Tenth Circuit Court of Appeals,Eleventh Circuit Court of Appeals,0.9206349206349206,ORG-01038,,
doc-explorer,Thinking Machines Corporation team,Thinking Machines Corporation,0.9206349206349206,PER-21545,,
doc-explorer,State Children's Health Insurance Program,Children's Health Insurance Program,0.9210526315789473,PER-12180,,
rhowardstone,36938-G-1159B-N908JE-TEB-PBI-FOIA-1456-No Records ?,36931-G-1159B-N908JE-TEB-BED-FOIA-1451-No Records ?,0.9215686274509803,PER-00019,,
rhowardstone,36952-G-1159B-N908JE-TEB-PBI-FOIA-1463-No Records ?,36742-G-1159B-N908JE-TEB-PBI-FOIA-1372-No Records ?,0.9215686274509803,PER-00011,,
epstein-docs,Barry Williams,William Barr,0.923076923076923,PER-01518,,
epstein-docs,Caroline Pang,Caroline Lang,0.923076923076923,PER-00252,,
epstein-docs,David Rodefer,DAVID RODRIGUEZ,0.923076923076923,PER-03301,,
epstein-docs,"Giesbrecht, T.","Geisbrecht, T.",0.923076923076923,PER-04265,,
epstein-docs,Hamblin/Susan,Susan Hamblin,0.923076923076923,PER-01425,,
epstein-docs,Healy/Shannon,Shannon Healy,0.923076923076923,PER-01353,,
epstein-docs,Ira Zscherman,Ira Zicherman,0.923076923076923,PER-00655,,
epstein-docs,"Lambert, David",David Lampert,0.923076923076923,PER-03415,,
epstein-docs,Marc Lundburg,Lunberg/Marc,0.923076923076923,PER-06210,,
epstein-docs,Melinda Luftz,Melinda Luntz,0.923076923076923,PER-01004,,
epstein-docs,Mr. Grumbridge,M C Grumbridge,0.923076923076923,PER-06233,,
epstein-docs,Nelson-Gardell,Nelson-Garde,0.923076923076923,PER-07172,,
epstein-docs,Paul Dauerds,Paul M. Daugerdas,0.923076923076923,PER-01194,,
epstein-docs,Psychologist,b(6); b(7)(C) PhD/Chief Psychologist,0.923076923076923,PER-00149,,
epstein-docs,Rolph Pascale,Ralph Pascale (Pilot),0.923076923076923,PER-01727,,
epstein-docs,S HELLEY LEWIS,HELLEY LEWIS,0.923076923076923,PER-04561,,
epstein-docs,Sally Markham,Markham/Sally,0.923076923076923,PER-06505,,
epstein-docs,Sarah Kansome,Sarah Ransome,0.923076923076923,PER-01341,,
epstein-docs,"Schmechel, R.S.",R. Schmechel,0.923076923076923,PER-07752,,
epstein-docs,"Sherman, S. J.",S. J. Sharman,0.923076923076923,PER-08190,,
epstein-docs,"Weinstein, J.","Weinstein, C.J.",0.923076923076923,PER-09339,,
epstein-docs,University of Arizona,Arizona State University,0.923076923076923,ORG-00237,,
epstein-docs,301 East 66th Street,20 East 66th Street,0.923076923076923,LOC-00033,,
epstein-docs,Courtroom 518,Courtroom 318,0.923076923076923,LOC-00453,,
epstein-docs,The Silvio J. Mollo Building,Silvio J. Mollo Building,0.923076923076923,LOC-01706,,
doc-explorer,1100 South Ocean Boulevard,1094 South Ocean Boulevard,0.923076923076923,PER-09694,,
doc-explorer,Ahraleh Yariv,Ahrahle Yariv,0.923076923076923,PER-10262,,
doc-explorer,Ann Marie Villafalia,Marie Villafana,0.923076923076923,PER-00960,,
doc-explorer,Are the Androids Dreaming Yet? book,Are the Androids Dreaming Yet?,0.923076923076923,PER-10785,,
doc-explorer,Avraham Arnan,Avraham Adnan,0.923076923076923,PER-10966,,
doc-explorer,Case #08-2485 (T&P Pavers),231 Nightingale Trail LLC,0.923076923076923,PER-09856,,
doc-explorer,J. Epstein Foundation,Epstein Interests Foundation,0.923076923076923,ORG-01061,,
doc-explorer,Kathy Rummer,Kathryn Ruemmler,0.923076923076923,PER-00836,,
doc-explorer,Lazslo Wagner,Laszlo Wagner,0.923076923076923,PER-16979,,
doc-explorer,Michael Wolfe,Michael Wolff,0.923076923076923,PER-01038,,
doc-explorer,Michele Baker,Michael Baker,0.923076923076923,PER-06741,,
doc-explorer,Palestinian attacks,Palestinian attacker,0.923076923076923,PER-18910,,
doc-explorer,President of the United States,45th President of the United States,0.923076923076923,PER-09930,,
doc-explorer,Sasha Shulgin,Sacha Shulgin,0.923076923076923,PER-20177,,
doc-explorer,Sergei Lavrov,Sergey Lavrov,0.923076923076923,PER-01565,,
doc-explorer,South Lake Condo Unit 0220,South Lake Condo Unit 0010,0.923076923076923,PER-20803,,
doc-explorer,South Lake Condo Unit 0260,South Lake Condo Unit 0010,0.923076923076923,PER-20803,,
doc-explorer,South Lake Condo Unit 0340,South Lake Condo Unit 0010,0.923076923076923,PER-20803,,
doc-explorer,Stephen Cohen,Stephen A. Cozen,0.923076923076923,PER-01392,,
doc-explorer,Tommy Mattola,Tommy Mottola,0.923076923076923,PER-01466,,
doc-explorer,U.S. Office of Personnel Management,Office of Personnel Management,0.923076923076923,ORG-02427,,
doc-explorer,William Blake,"William Baker, Sr.",0.923076923076923,PER-09394,,
doc-explorer,William Colby,William Henry Cosby Jr.,0.923076923076923,PER-09402,,
doc-explorer,William Hague,Hague/William,0.923076923076923,PER-04569,,
doc-explorer,William Perry,William Parry,0.923076923076923,PER-22922,,
doc-explorer,World Food Program,UN World Food Program,0.923076923076923,PER-22156,,
doc-explorer,e-learning systems,Deep-learning AI systems,0.923076923076923,PER-13104,,
doc-explorer,international travel,international trade,0.923076923076923,PER-25693,,
doc-explorer,military intervention in Syria,Iran,0.923076923076923,LOC-00905,,
doc-explorer,recipients of communications,communication recipients,0.923076923076923,PER-24024,,
epstein-docs,U.S. Department of Homeland Security,Department of Homeland Security,0.9253731343283582,ORG-00915,,
doc-explorer,Future of Financials Conference,2016 Future of Financials Conference,0.9253731343283582,PER-09821,,
doc-explorer,U.S. Drug Enforcement Administration,Drug Enforcement Administration,0.9253731343283582,ORG-00988,,
epstein-docs,"HADDON, MORGAN AND FOREMAN, P.",HADDON MORGAN AND FOREMAN,0.9259259259259259,ORG-01396,,
epstein-docs,The Estate of Jeffrey Epstein,Estate of Jeffrey E. Epstein,0.9259259259259259,ORG-01071,,
doc-explorer,Israeli government officials,Iraqi government officials,0.9259259259259259,PER-15507,,
epstein-docs,Mr. Epstein's mother,Mr. Epstein's brother,0.926829268292683,PER-06947,,
epstein-docs,Nesbitt Kuyrkendall,E. Nesbitt Kuyrkendall,0.926829268292683,PER-03740,,
epstein-docs,University of Oklahoma,Oklahoma State University,0.926829268292683,ORG-02451,,
doc-explorer,Department of Treasury,Treasury Department,0.926829268292683,ORG-03245,,
doc-explorer,Nesbitt Kuyrkendall,E. Nesbitt Kuyrkendall,0.926829268292683,PER-03740,,
doc-explorer,Palestinian leadership,Palestinian Black September leaders,0.926829268292683,PER-18904,,
doc-explorer,reform agenda in Syria,Syria reform agenda,0.926829268292683,PER-21185,,
doc-explorer,sovereign investors,31 sovereign investors,0.926829268292683,PER-09899,,
doc-explorer,townhouse in Manhattan,Manhattan townhouse,0.926829268292683,PER-17414,,
doc-explorer,solicitation of prostitute charge,prostitution charges,0.927536231884058,PER-27204,,
epstein-docs,Gramza/Tiffany,Tiffany Gramza,0.9285714285714286,PER-01447,,
epstein-docs,JANE DOE NO. 3,JANE DOE NO. 2,0.9285714285714286,PER-04979,,
epstein-docs,Jane Doe No. 5,Jane Doe No. 4,0.9285714285714286,PER-00698,,
epstein-docs,Jennifer Araos,Jennifer Araoz,0.9285714285714286,PER-00740,,
epstein-docs,Lamnie N'Diaye,Lamine N'DiayeLee Plourde,0.9285714285714286,PER-00877,,
epstein-docs,Marq Worcester,Marc Worcester,0.9285714285714286,PER-06442,,
epstein-docs,"Merckelbach, H.",G. Merckelbach,0.9285714285714286,PER-04167,,
epstein-docs,Warren Specter,Warren Spector,0.9285714285714286,PER-01508,,
epstein-docs,Yasmin Airaghi,Airaghi/Yasmin,0.9285714285714286,PER-01887,,
epstein-docs,Southern District of Florida,Northern District of Florida,0.9285714285714286,ORG-02372,,
epstein-docs,The Daily Meal,The Daily Mail,0.9285714285714286,ORG-03159,,
epstein-docs,US Courthouse,U.S. Courthouse,0.9285714285714286,ORG-03285,,
epstein-docs,University of Rhode Island,The University of Rhode Island,0.9285714285714286,ORG-03204,,
epstein-docs,PHONE MONITOR,8 PHONE MONITOR,0.9285714285714286,LOC-00079,,
epstein-docs,Southern District of Georgia,Northern District of Georgia,0.9285714285714286,LOC-01338,,
epstein-docs,"Springfield, MO","Springfield, MA",0.9285714285714286,LOC-01732,,
doc-explorer,Andrei Lugovoy,Andrei Lugovoi,0.9285714285714286,PER-10629,,
doc-explorer,Bob Josefsburg,Bob Josefsberg,0.9285714285714286,PER-11425,,
doc-explorer,Charlie Gibson,Charles Gibson,0.9285714285714286,PER-12103,,
doc-explorer,Chinese police,Chinese leadership transition and monetary policy,0.9285714285714286,PER-12325,,
doc-explorer,Gerald Edelman,DR. GERALD ELDEMAN,0.9285714285714286,PER-03319,,
doc-explorer,Israeli police,Israeli government policy,0.9285714285714286,PER-15615,,
doc-explorer,Jackie Perczel,Jackie Perczek,0.9285714285714286,PER-15775,,
doc-explorer,Jane Doe No. 1 (HOUSE_OVERSIGHT_012197_part6) (HOUSE_OVERSIGHT_012197_part6),Jane Doe No. 4,0.9285714285714286,PER-00698,,
doc-explorer,Jane Doe No. 1 (HOUSE_OVERSIGHT_015626),Jane Doe No. 4,0.9285714285714286,PER-00698,,
doc-explorer,Jeffrey Heiman,Jeffrey M. Herman,0.9285714285714286,PER-00732,,
doc-explorer,Jeffrey White,Jeffrey Starr and Joe Whitley,0.9285714285714286,PER-16106,,
doc-explorer,Norbert Wiener,Norbert Weiner,0.9285714285714286,PER-18602,,
doc-explorer,Rod Rosenstein,"Rosenstein, Rob",0.9285714285714286,PER-08107,,
doc-explorer,Soon Yi Previn,Soon-Yi Previn,0.9285714285714286,PER-01381,,
doc-explorer,Wa'el Jelaidan,Wa'el Jalaidan,0.9285714285714286,PER-22679,,
doc-explorer,Wa'el Julaidan,Wa'el Jalaidan,0.9285714285714286,PER-22679,,
doc-explorer,media_strategy,media coverage and press strategy,0.9285714285714286,PER-26162,,
epstein-docs,State Bar of California,California State Bar,0.9302325581395349,ORG-00533,,
doc-explorer,Federal Investigators,Federal Bureau of Investigation Forensics Laboratory,0.9302325581395349,ORG-01145,,
doc-explorer,deposition_proceedings,deposition proceeding,0.9302325581395349,PER-24398,,
doc-explorer,political commentary,geopolitical commentary,0.9302325581395349,PER-25153,,
doc-explorer,satirical comic song at,satirical comic song,0.9302325581395349,PER-27579,,
doc-explorer,Peaceful Reunification Council DC chapter,China Peaceful Reunification Council DC chapter,0.9318181818181819,PER-12198,,
epstein-docs,Alexander/Miles,Miles Alexander,0.9333333333333332,PER-01049,,
epstein-docs,"Althorp, Charlie",Charles Althorp,0.9333333333333332,PER-00276,,
epstein-docs,Andrea Mitchell,Andrew Mitchell,0.9333333333333332,PER-00106,,
epstein-docs,Kosslyn/Stephen,Stephen Kosslyn,0.9333333333333332,PER-01396,,
epstein-docs,Mandelson/Peter,Peter Mandelson,0.9333333333333332,PER-01212,,
epstein-docs,Stutter/Manuela,Stoetter/Manuela,0.9333333333333332,PER-08749,,
epstein-docs,Terry Goldsmith,Jerry Goldsmith,0.9333333333333332,PER-00748,,
epstein-docs,"HADDON, MORGAN AND FOREMAN, P.C.","HADDON MORGAN & FOREMAN, P.C.",0.9333333333333332,ORG-01395,,
epstein-docs,University of California,California State University,0.9333333333333332,ORG-00534,,
epstein-docs,REC OFFICER #1,3 REC OFFICER #1,0.9333333333333332,LOC-00048,,
epstein-docs,SANITATION OFF,2 SANITATION OFF,0.9333333333333332,LOC-00030,,
doc-explorer,Ahmet Davutoğlu,Ahmet Davutoglu,0.9333333333333332,PER-10261,,
doc-explorer,Andrea Mitchell,Andrew Mitchell,0.9333333333333332,PER-00106,,
doc-explorer,Charlie Kushner,Charles Kushner,0.9333333333333332,PER-12107,,
doc-explorer,Fethullah Gülen,Fethullah Gulen,0.9333333333333332,PER-14175,,
doc-explorer,IGY American Yacht Harbor Marina,American Yacht Harbor Marina,0.9333333333333332,PER-10520,,
doc-explorer,Intelligence Directorate,Director of National Intelligence,0.9333333333333332,PER-13248,,
doc-explorer,Jeffery Edwards,"Bradley Edwards, Jeffrey Epstein, and legal counsel",0.9333333333333332,PER-11506,,
doc-explorer,Kevin Sullivan,Kevin E.F. O'Sullivan,0.9333333333333332,PER-05662,,
doc-explorer,Marie Villafona,Marie Villafana,0.9333333333333332,PER-00960,,
doc-explorer,Medicare Part D,Medicare Part A,0.9333333333333332,PER-17685,,
doc-explorer,Muammar Gadhafi,Muammar Gaddafi,0.9333333333333332,PER-18139,,
doc-explorer,Muammar Qadhafi,Muammar Qaddafi,0.9333333333333332,PER-18143,,
doc-explorer,Nancy Portland I,Nancy Portland,0.9333333333333332,PER-18320,,
doc-explorer,Ninth Circuit Court of Appeals,Fifth Circuit Court of Appeals,0.9333333333333332,PER-14184,,
doc-explorer,Steven Sinofski,Steven Sinofsky,0.9333333333333332,PER-01410,,
doc-explorer,World Economic Forum Annual Meeting 2011,World Economic Forum Annual Meeting,0.9333333333333332,PER-22996,,
doc-explorer,handling of Epstein case,Epstein case handling,0.9333333333333332,PER-13809,,
doc-explorer,the Constitution to Donald Trump,Constitution to Donald Trump,0.9333333333333332,PER-12639,,
epstein-docs,Marin County District Attorney's Office,Erie County District Attorney's Office,0.9350649350649349,ORG-01065,,
doc-explorer,Swedish-American Life Science Summit 2012,Swedish-American Life Science Summit,0.9350649350649349,PER-21164,,
doc-explorer,Swedish-American Life Science Summit 2017,Swedish-American Life Science Summit,0.9350649350649349,PER-21164,,
doc-explorer,2016 U.S. Presidential Election,2008 U.S. Presidential Election,0.9354838709677421,PER-09805,,
doc-explorer,LifeBall AIDS Solidarity Gala,AIDS Solidarity Gala and LifeBall,0.9354838709677421,PER-10072,,
epstein-docs,Insurance Administrator,Insurance Administration,0.9361702127659575,ORG-01574,,
epstein-docs,Supreme Court of Colorado,Colorado Supreme Court,0.9361702127659575,ORG-00702,,
doc-explorer,18-30 months imprisonment,13 months imprisonment,0.9361702127659575,PER-09717,,
doc-explorer,Israeli Defense Minister,Israel Defense Ministry,0.9361702127659575,PER-15552,,
doc-explorer,Palestinian worshipers,29 Palestinian worshipers,0.9361702127659575,PER-09879,,
epstein-docs,Aznar/Jose Maria,Jose Maria Aznar,0.9375,PER-00795,,
epstein-docs,"Christianson, S.A.","Christianson, S.",0.9375,PER-03000,,
epstein-docs,Jose A. Cabranes,José A. Cabranes,0.9375,PER-00800,,
epstein-docs,K.A. Braun-LaTour,"Braun-LaTour, K. A.",0.9375,PER-02550,,
epstein-docs,Natalya Malyshev,Natalya Malyshov,0.9375,PER-01135,,
epstein-docs,Courts of Appeals,Court of appeal,0.9375,ORG-00800,,
doc-explorer,16-year-old girl,14-year-old girl,0.9375,PER-09729,,
doc-explorer,236 Phipps Plaza,235 Phipps Plaza,0.9375,PER-09857,,
doc-explorer,238 Phipps Plaza,235 Phipps Plaza,0.9375,PER-09857,,
doc-explorer,Defense Ministry (two positions in caretaker capacity),Defense Minister,0.9375,PER-13110,,
doc-explorer,Lawrance Visoski,Larry Visoski,0.9375,PER-00890,,
doc-explorer,Melanie SpineIla,Melanie Spinella,0.9375,PER-01536,,
doc-explorer,Robert Matthews,Matthews Robert V,0.9375,PER-17640,,
doc-explorer,communications and information,all communications and information,0.9375,PER-23348,,
doc-explorer,soliciting underage prostitutes,soliciting an underage prostitute,0.9375,PER-27908,,
doc-explorer,unknown accuser B,unknown accuser,0.9375,PER-28502,,
doc-explorer,unknown accuser C,unknown accuser,0.9375,PER-28502,,
doc-explorer,International Finance Corporation immunity case,International Finance Corporation absolute immunity,0.9387755102040817,PER-15434,,
doc-explorer,Chinese scholar on South China Sea,China scholar,0.9393939393939393,PER-12221,,
doc-explorer,Newsmax.com article about Ken Starr,Newsmax article about Ken Starr,0.9393939393939393,PER-18502,,
doc-explorer,human decision-making deviations from rational models,deviations from rational decision-making models,0.94,PER-24418,,
epstein-docs,Associate Warden 1,Associate Warden,0.9411764705882352,PER-02153,,
epstein-docs,Associate Warden 2,Associate Warden,0.9411764705882352,PER-02153,,
epstein-docs,Virginia Robertson,Virginia Giuffre,0.9411764705882352,PER-01496,,
epstein-docs,US Census Bureau,U.S. Census Bureau,0.9411764705882352,ORG-03280,,
epstein-docs,USI Film Products,USA Film Products,0.9411764705882352,ORG-03344,,
doc-explorer,140 N. County Rd.,114 N. County Rd.,0.9411764705882352,PER-09705,,
doc-explorer,"150,000 personnel","107,000 personnel",0.9411764705882352,PER-09693,,
doc-explorer,Andrey Kolmogorov,Andrei Kolmogorov,0.9411764705882352,PER-10628,,
doc-explorer,Brexit referendum voting,Brexit referendum,0.9411764705882352,PER-11580,,
doc-explorer,Chinese National People's Congress,China's National People's Congress,0.9411764705882352,PER-12229,,
doc-explorer,"New Leaf Ventures I, L.P.",New Leaf Venture Partners,0.9411764705882352,PER-18438,,
doc-explorer,Republican Party of Arizona,Arizona Republican Party,0.9411764705882352,PER-10807,,
doc-explorer,The Motion Picture & Television Fund,Motion Picture and Television Fund,0.9411764705882352,PER-18083,,
doc-explorer,Thorbjern Jagland,Thorbjorn Jagland,0.9411764705882352,PER-01445,,
doc-explorer,Twenty Six Hundred Condo Unit 1010,Twenty Six Hundred Condo Unit 0030,0.9411764705882352,PER-21928,,
doc-explorer,Yitzhik Mordechai,Yitzhak Mordechai,0.9411764705882352,PER-23117,,
doc-explorer,financial_markets,financial markets,0.9411764705882352,PER-24959,,
doc-explorer,production period theory,period of production theory,0.9411764705882352,PER-26784,,
doc-explorer,recipients of communication,communication recipients,0.9411764705882352,PER-24024,,
rhowardstone,36752-G-1159B-N908JE-PBI-TIST-FOIA-1376-No Records ?,36653-G-1159B-N908JE-PBI-TIST-FOIA-1336-No Records ?,0.9423076923076923,PER-00009,,
epstein-docs,The Academy of Psychosomatic Medicine,Academy of Psychosomatic Medicine,0.9428571428571427,ORG-00105,,
doc-explorer,"Bill Clinton, Al Gore, and Tipper Gore","Al Gore, Tipper Gore, Bill Clinton",0.9428571428571427,PER-10282,,
doc-explorer,The Program for Evolutionary Dynamics,Program for Evolutionary Dynamics,0.9428571428571427,PER-19436,,
epstein-docs,Maryland Court of Appeals,Court of Appeals of Maryland,0.9433962264150944,ORG-00797,,
epstein-docs,Ruslana Kurshunova,Ruslana Korshunova,0.9444444444444444,PER-01324,,
doc-explorer,Egyptian protests,Egyptian protesters,0.9444444444444444,PER-13634,,
doc-explorer,Frantz Klintsevich,Frants Klintsevich,0.9444444444444444,PER-14352,,
doc-explorer,Sultan Bin Sulayer,Sultan Ahmed bin Sulayem,0.9444444444444444,PER-01420,,
epstein-docs,Supreme Court of Pennsylvania,Pennsylvania Supreme Court,0.9454545454545454,ORG-02579,,
epstein-docs,US District Attorney's Office,District Attorney's office,0.9454545454545454,ORG-00954,,
doc-explorer,2016 presidential election,2008 U.S. Presidential Election,0.9454545454545454,PER-09805,,
doc-explorer,The Institute for the Learning Sciences,Institute for the Learning Sciences,0.9459459459459459,PER-15406,,
doc-explorer,the nature of consciousness and reality,consciousness and nature of reality,0.9459459459459459,PER-24116,,
doc-explorer,one-day-per-week remote work trial with boss Bill,one-day-per-week remote work trial with boss,0.946236559139785,PER-26620,,
epstein-docs,Catherine Alexander,Alexander/Catherine,0.9473684210526316,PER-01948,,
epstein-docs,Marguerite Krikharr,Krikharr/Marguerite,0.9473684210526316,PER-05766,,
doc-explorer,+5.9% over 3 months,+5.3% over 3 months,0.9473684210526316,PER-09665,,
doc-explorer,-8.1% over 3 months,-7.1% over 3 months,0.9473684210526316,PER-09669,,
doc-explorer,Ann Marie Villafana,Marie Villafana,0.9473684210526316,PER-00960,,
doc-explorer,Cybersecurity and AI Attack Surfaces,"AI, Cybersecurity, and AI Attack Surfaces",0.9473684210526316,PER-10063,,
doc-explorer,US Attorney Acosta,U.S. Attorney Acosta,0.9473684210526316,PER-21977,,
epstein-docs,Anxiety Disorders Association of America,American Anxiety Disorders Association,0.9487179487179486,ORG-00165,,
epstein-docs,Physician Assistant 1,Physician Assistant (PA),0.95,PER-07623,,
epstein-docs,Physician Assistant 2,Physician Assistant (PA),0.95,PER-07623,,
epstein-docs,Subpoena Recipient-3,Subpoena Recipient-2,0.95,PER-08780,,
doc-explorer,Anne-Marie Slaughter,Anne Marie Slaughter,0.95,PER-10693,,
doc-explorer,Australian of Palm Beach Condo Unit 0110,Australian of Palm Beach Condo Unit 0070,0.95,PER-10948,,
doc-explorer,Wolf-Ekkehard Lönnig,Wolf-Ekkehard Lénnig,0.95,PER-22957,,
doc-explorer,deposition_testimony,deposition testimony,0.95,PER-24400,,
doc-explorer,Bradley Edwards and Paul Cassell,Bradley Edwards,0.9508196721311475,PER-00201,,
doc-explorer,Western military interventionism,Western military intervention,0.9508196721311475,PER-22821,,
epstein-docs,Allison Moe,Alison Moe,0.9523809523809522,PER-00088,,
epstein-docs,Christophe,CHRISTOPHER,0.9523809523809522,PER-02734,,
epstein-docs,"Jamieson, A.",Jamieson A,0.9523809523809522,PER-05086,,
epstein-docs,Joe Paciano,Joe Pacano,0.9523809523809522,PER-00766,,
epstein-docs,Lieutenants,Lieutenant (unnamed),0.9523809523809522,PER-00918,,
epstein-docs,McKibben JB,McKibben J,0.9523809523809522,PER-06662,,
epstein-docs,Ms. Epstein,M. Epstein,0.9523809523809522,PER-06242,,
epstein-docs,Ms. Giuffre,Ms Giuffre,0.9523809523809522,PER-07016,,
epstein-docs,Ms. Roberts,M. Roberts,0.9523809523809522,PER-06247,,
epstein-docs,Jenkins and Gilchrist,Jenkens and Gilchrist,0.9523809523809522,ORG-01659,,
epstein-docs,INTERNAL #2,2 INTERNAL,0.9523809523809522,LOC-00029,,
doc-explorer,David Ster,David Stern,0.9523809523809522,PER-00416,,
doc-explorer,Det. Dawson,Detective Allen Dix,0.9523809523809522,PER-00439,,
doc-explorer,Jean Huguen,Jean Hugen,0.9523809523809522,PER-05130,,
doc-explorer,Katrina vanden Heuval,Katrina vanden Heuvel,0.9523809523809522,PER-00842,,
doc-explorer,Kensington2,Kensington,0.9523809523809522,LOC-00952,,
doc-explorer,Ms. Giuffre,Ms Giuffre,0.9523809523809522,PER-07016,,
doc-explorer,Nili Priell,Nili Priel,0.9523809523809522,PER-01156,,
doc-explorer,Paula Jones,Paul Tudor Jones,0.9523809523809522,PER-01198,,
doc-explorer,Sean Bannon,Sean Banno,0.9523809523809522,PER-20410,,
doc-explorer,Ukrsibbank,Ukrsib bank,0.9523809523809522,PER-22283,,
doc-explorer,United States State Department,United States Department of State,0.9523809523809522,PER-22339,,
doc-explorer,governments,federal government,0.9523809523809522,ORG-03703,,
doc-explorer,soliciting underage girl for prostitution,soliciting prostitution from underage girls,0.9523809523809522,PER-27910,,
doc-explorer,television interviewer,television interview,0.9523809523809522,PER-28179,,
doc-explorer,Chinese Students and Scholars Associations,Chinese Students and Scholars Association UK,0.9534883720930233,PER-12279,,
doc-explorer,UN Security Council Resolution 242,Security Council Resolution 242,0.9538461538461537,PER-20439,,
doc-explorer,18 months imprisonment,13 months imprisonment,0.9545454545454546,PER-09717,,
doc-explorer,Mohammed Jamal Khalife,Mohammed Jamal Khalifa,0.9545454545454546,PER-18009,,
doc-explorer,United States Justice Department,United States Department of Justice,0.9552238805970148,ORG-03395,,
epstein-docs,Baldwin Ale,Alec Baldwin,0.9565217391304348,PER-00065,,
epstein-docs,"Brandt, Peter",Peter Brant,0.9565217391304348,PER-01207,,
epstein-docs,Juror No. 11,Juror No. 1 (Catherine Conrad),0.9565217391304348,PER-00820,,
epstein-docs,Mr. Carvajal,M. D. Carvajal,0.9565217391304348,PER-00945,,
epstein-docs,Mrs. O'Neill,Mr. O'Neill,0.9565217391304348,PER-06978,,
epstein-docs,PAULA EDSALL,PAUL EDSALL,0.9565217391304348,PER-07401,,
epstein-docs,Peter Marin,Peter Marino,0.9565217391304348,PER-01213,,
epstein-docs,The International Association for Identification (IAI),International Association for Identification,0.9565217391304348,ORG-01588,,
epstein-docs,NEWYORK MCC,MCC 2nd Floor Attorney Conference Room,0.9565217391304348,LOC-01105,,
doc-explorer,18 months incarceration,13 months incarceration,0.9565217391304348,PER-09720,,
doc-explorer,30 months incarceration,13 months incarceration,0.9565217391304348,PER-09720,,
doc-explorer,Claridges II Condo 3120,Claridges II Condo 3110,0.9565217391304348,PER-12451,,
doc-explorer,David Fiszel,David Fisze,0.9565217391304348,PER-12988,,
doc-explorer,ESPN's Outside the Lines,ESPN Outside the Lines,0.9565217391304348,PER-13500,,
doc-explorer,Nathan Wolf,Nathan Wolfe,0.9565217391304348,PER-01140,,
doc-explorer,Peter Strzok,Pete Strzok,0.9565217391304348,PER-19185,,
doc-explorer,Robert Frost's Birches,Robert Frost's 'Birches',0.9565217391304348,PER-19839,,
doc-explorer,Sara Nathan,Sarah Nathan,0.9565217391304348,PER-08340,,
doc-explorer,Scott Peters,Peter Dale Scott,0.9565217391304348,PER-19194,,
doc-explorer,United States Treasury Department,United States Department of the Treasury,0.9565217391304348,ORG-03396,,
doc-explorer,private jets,private jet,0.9565217391304348,PER-27098,,
doc-explorer,team members,member of defense team,0.9565217391304348,PER-26212,,
doc-explorer,chairman of Princeton Math Department,Princeton Math Department chairman,0.9577464788732395,PER-19411,,
epstein-docs,Virginia Roberts Guiffre,Virginia Giuffre,0.9583333333333335,PER-01496,,
doc-explorer,Unknown private company A,Unknown private company (2011),0.9583333333333335,PER-22460,,
doc-explorer,documentary/film project,documentary film project,0.9583333333333335,PER-24487,,
epstein-docs,David Rogers,David Rodgers,0.96,PER-00412,,
epstein-docs,Lundberg/Marc,Lunberg/Marc,0.96,PER-06210,,
epstein-docs,NICK SIMMONS,NICK SIMMONDS,0.96,PER-07107,,
epstein-docs,O'Neil Nessa,Nessa O'Neill,0.96,PER-07175,,
epstein-docs,Reyna Michael,Michael Rena,0.96,PER-06776,,
epstein-docs,Steven Bannon,Steve Bannon,0.96,PER-01400,,
epstein-docs,European Psychology & Law Conference,European Conference on Law & Psychology,0.96,ORG-01076,,
doc-explorer,Adrianna Ross,Adriana Ross,0.96,PER-00048,,
doc-explorer,David Rogers,David Rodgers,0.96,PER-00412,,
doc-explorer,Disempowered: (working title),Disempowered,0.96,PER-13254,,
doc-explorer,Fundamentals: (working title),Fundamentals,0.96,PER-14433,,
doc-explorer,Guy Fronstin,Guy Fronstein,0.96,PER-14877,,
doc-explorer,Hardeep Purie,Hardeep Singh Puri,0.96,PER-00616,,
doc-explorer,Larry Visoki,Larry Visoski,0.96,PER-00890,,
doc-explorer,Larry Visosky,MR. LARRY VISOSKI,0.96,PER-06319,,
doc-explorer,M. Villafana,Ms.Villaflana,0.96,PER-01119,,
doc-explorer,MichaelWhite,Michael White,0.96,PER-06781,,
doc-explorer,Mohammed Atta,Mohamed Atta,0.96,PER-18000,,
doc-explorer,NicholasPegg,Nicholas Pegg,0.96,PER-18521,,
doc-explorer,OGE Form 278e,OGE Form 278,0.96,PER-18651,,
doc-explorer,Salam Fayyad,Salaam Fayyad,0.96,PER-20196,,
doc-explorer,Scott J. Link,Scott J. Lin,0.96,PER-20394,,
doc-explorer,Southlake Condo Unit 0080,South Lake Condo Unit 0010,0.96,PER-20803,,
doc-explorer,Steven Victor,"Victor, Steve Dr",0.96,PER-09203,,
doc-explorer,Syrian forces,Syrian armored force,0.96,PER-21194,,
doc-explorer,US-China trade relations,U.S.-China trade relations,0.96,PER-22087,,
doc-explorer,Windsor case,Windsor and Hollingsworth cases,0.96,PER-22943,,
doc-explorer,Yassir Arafat,Yasir Arafat,0.96,PER-23081,,
doc-explorer,assault teams,assault team,0.96,PER-23541,,
doc-explorer,media outlets,media organizations,0.96,ORG-03713,,
doc-explorer,staff members,staff member,0.96,PER-27965,,
doc-explorer,young monkeys,young female monkey,0.96,PER-28755,,
rhowardstone,36749-G-1159B-N908JE-TEB-PBI-FOIA-1375-No Records ?,36742-G-1159B-N908JE-TEB-PBI-FOIA-1372-No Records ?,0.9607843137254902,PER-00011,,
doc-explorer,"New Leaf Ventures II, L.P.",New Leaf Venture Partners,0.9615384615384616,PER-18438,,
doc-explorer,South Lake Condo Unit 0070,South Lake Condo Unit 0010,0.9615384615384616,PER-20803,,
doc-explorer,notice-posting requirement,notice posting requirement,0.9615384615384616,PER-26549,,
doc-explorer,"Case 08-2483, 231 Nightingale Trail LLC",231 Nightingale Trail LLC,0.9620253164556962,PER-09856,,
epstein-docs,Southwestern Association of Forensic Document Examiners (SWAFDE),Southern Association of Forensic Document Examiners (SAFDE),0.9622641509433962,ORG-02992,,
epstein-docs,Allison Nathan,Alison Nathan,0.962962962962963,PER-00089,,
epstein-docs,Freyda Wissing,Freya Wissing,0.962962962962963,PER-00557,,
epstein-docs,Jennifer Aroz,Jennifer Araoz,0.962962962962963,PER-00740,,
epstein-docs,Lionel Wigram,Liionel Wigram,0.962962962962963,PER-06052,,
epstein-docs,Lynn Forrester,Lynn Forester,0.962962962962963,PER-00941,,
epstein-docs,"HADDON, MORG & FOREMAN P.C.","HADDON MORGAN & FOREMAN, P.C.",0.962962962962963,ORG-01395,,
doc-explorer,80 months in federal prison,18 months in federal prison,0.962962962962963,PER-09755,,
doc-explorer,Barry Krisher,Barry Krischer,0.962962962962963,PER-00161,,
doc-explorer,Gaby Ashknazi,Gaby Ashkenazi,0.962962962962963,PER-14480,,
doc-explorer,Michael Barker,Michael Baker,0.962962962962963,PER-06741,,
doc-explorer,Michele Pagan,Detective Michelle Pagan,0.962962962962963,PER-13191,,
doc-explorer,NSA co-workers,NSA,0.962962962962963,ORG-02175,,
doc-explorer,Nicholas Ribs,Nicholas Ribis,0.962962962962963,PER-01148,,
doc-explorer,Retail sector,Retail and Travel sectors,0.962962962962963,PER-19711,,
doc-explorer,Robert DeNiro,Robert De Niro,0.962962962962963,PER-01291,,
doc-explorer,Sarah Ransomme,Sarah Ransome,0.962962962962963,PER-01341,,
doc-explorer,Special Agents,SPECIAL AGENT,0.962962962962963,PER-08237,,
doc-explorer,US think tanks,US think tank,0.962962962962963,PER-22214,,
doc-explorer,William Paley,"William H. Pauley, III",0.962962962962963,PER-01521,,
doc-explorer,communications,communication,0.962962962962963,PER-24018,,
doc-explorer,his residences,his presence at Jeffrey Epstein's residence,0.962962962962963,PER-25399,,
doc-explorer,investigations,investigation,0.962962962962963,PER-25716,,
doc-explorer,underage girls,underage girl,0.962962962962963,PER-28444,,
doc-explorer,underage girls (14-17 years old),underage girl,0.962962962962963,PER-28444,,
doc-explorer,Island House Condo Unit 0065,Island House Condo Unit 0053,0.9642857142857143,PER-15548,,
doc-explorer,Marvin Davis and Herb Siegel,Marvin Davis and Herb Seigel,0.9642857142857143,PER-17579,,
doc-explorer,Strange Bedfellows Episode 2,Strange Bedfellows Episode 1,0.9642857142857143,PER-21031,,
doc-explorer,Strange Bedfellows Episode 8,Strange Bedfellows Episode 1,0.9642857142857143,PER-21031,,
doc-explorer,therapeutic cloning regulation and reproductive cloning ban,therapeutic cloning and reproductive cloning regulation,0.9649122807017544,PER-28262,,
epstein-docs,Alaexia Wallert,Alexia Wallert,0.9655172413793103,PER-00078,,
epstein-docs,Kucukkoylu/Banu,Banu Kucukoylu,0.9655172413793103,PER-02265,,
epstein-docs,Lara Menninger,Laura Menninger,0.9655172413793103,PER-00892,,
epstein-docs,Laura Pomerantz,Lara Elizabeth Pomerantz,0.9655172413793103,PER-00882,,
epstein-docs,"Perlman, Ronald",Ronald Perelman,0.9655172413793103,PER-01315,,
doc-explorer,C. Everett Koop,C Everett Koop,0.9655172413793103,PER-11739,,
doc-explorer,Governor's Ball,Governors Ball,0.9655172413793103,ORG-01360,,
doc-explorer,Joshn Castrucci,John Castrucci,0.9655172413793103,PER-16273,,
doc-explorer,Nathan Myrhvold,Nathan Myhrvold,0.9655172413793103,PER-01138,,
doc-explorer,Nuri al-Maliki,Nouri al-Maliki,0.9655172413793103,PER-18635,,
doc-explorer,Steven Sinosky,Steven Sinofsky,0.9655172413793103,PER-01410,,
doc-explorer,UAE government,UAE and Saudi Arabia governments,0.9655172413793103,PER-22099,,
doc-explorer,William Thomas,Thomas D. Williams,0.9655172413793103,PER-21556,,
doc-explorer,"approximately 18,000 students","approximately 10,000 students",0.9655172413793103,PER-23477,,
doc-explorer,faculty members,faculty member,0.9655172413793103,PER-24823,,
doc-explorer,felony solicitation of prostitution charge,felony charge of solicitation of prostitution,0.9655172413793103,PER-24898,,
doc-explorer,police officers,police officer,0.9655172413793103,PER-26894,,
doc-explorer,unknown callers,unknown caller,0.9655172413793103,PER-28509,,
epstein-docs,Sarah Kensigton,Sarah Kensignton,0.967741935483871,PER-08338,,
epstein-docs,American Lawyer,American Academy of Matrimonial Lawyers,0.967741935483871,ORG-00162,,
doc-explorer,Alan Derschowitz,Alan Dershowitz,0.967741935483871,PER-00054,,
doc-explorer,Chinese scholar,Chinese officials and scholars,0.967741935483871,PER-12336,,
doc-explorer,Israeli officer,Israeli Army officers,0.967741935483871,PER-15570,,
doc-explorer,Jenna-Lisa Jones,Jena-Lisa Jones,0.967741935483871,PER-16114,,
doc-explorer,Lana Belohlavek,Lanna Belholovick,0.967741935483871,PER-00880,,
doc-explorer,MIT's Architecture Machine Group,MIT Architecture Machine Group,0.967741935483871,PER-17317,,
doc-explorer,Nada Marcinkova,Nadia Marcinkova,0.967741935483871,PER-01126,,
doc-explorer,State of the Union address 2012,State of the Union address 2010,0.967741935483871,PER-20921,,
doc-explorer,email_recipients,email_recipient,0.967741935483871,PER-24637,,
doc-explorer,"royalty, politicians, academicians, businessmen","politicians, businessmen, royalty, academicians",0.967741935483871,PER-26955,,
doc-explorer,possession of marijuana with intent to distribute,marijuana possession with intent to distribute,0.9684210526315788,PER-26089,,
doc-explorer,Casas del Carlos Condo Unit 0070,Casas del Carlos Condo Unit 0010,0.96875,PER-11991,,
epstein-docs,RED HOOK QUARTERS,RED HOOK QUARTER,0.9696969696969697,LOC-01534,,
doc-explorer,Adrianna Mucinska,Adriana Mucinska,0.9696969696969697,PER-00047,,
doc-explorer,American scholar,American researchers and scholars,0.9696969696969697,PER-10544,,
doc-explorer,Ayman al-Zawahri,Ayman al-Zawahiri,0.9696969696969697,PER-10982,,
doc-explorer,Epstein's lawyer,Epstein's defense lawyers,0.9696969696969697,PER-13830,,
doc-explorer,Meghan O'Sullivan,Megan O'Sullivan,0.9696969696969697,PER-17704,,
doc-explorer,Melanie SpineIlla,Melanie Spinella,0.9696969696969697,PER-01536,,
doc-explorer,Mohammed Bouazizi,Mohamed Bouazizi,0.9696969696969697,PER-18001,,
doc-explorer,National Archives,National Security Archive,0.9696969696969697,ORG-02265,,
doc-explorer,Nili Priell Barak,Nil Priell Barak,0.9696969696969697,PER-18559,,
doc-explorer,Thorbjon Jagland,Thorbjorn Jagland,0.9696969696969697,PER-01445,,
doc-explorer,Thorborn Jagland,Thorbjorn Jagland,0.9696969696969697,PER-01445,,
doc-explorer,Track 2 dialogues,Track 2 dialogue,0.9696969696969697,PER-21728,,
doc-explorer,Wye redeployments,Wye River Memorandum redeployment,0.9696969696969697,PER-23012,,
doc-explorer,condominium units,condominium unit,0.9696969696969697,PER-24090,,
doc-explorer,financial matters,financial matter,0.9696969696969697,PER-24961,,
doc-explorer,legal proceedings,legal proceeding,0.9696969696969697,PER-25913,,
doc-explorer,military officers,military intelligence staff officer,0.9696969696969697,PER-26263,,
doc-explorer,Twenty Six Hundred Condo Unit 0040,Twenty Six Hundred Condo Unit 0030,0.9705882352941176,PER-21928,,
epstein-docs,Rothchild Jessica,Jessica de Rothschild,0.9714285714285714,PER-00753,,
epstein-docs,Simona Paciukonyte,Simon Paciukonyte,0.9714285714285714,PER-08581,,
doc-explorer,AI-consult systems,AI-consult healthcare system,0.9714285714285714,PER-10067,,
doc-explorer,Arianna Huffington,Ariana Huffington,0.9714285714285714,PER-10794,,
doc-explorer,British newspapers,British newspaper,0.9714285714285714,PER-11649,,
doc-explorer,Caroline Stanbury,Caroline Stanburry,0.9714285714285714,PER-02832,,
doc-explorer,Harvard professors,Harvard Law School professor,0.9714285714285714,PER-14993,,
doc-explorer,Robert Josefsbergs,Robert C. Josefsberg,0.9714285714285714,PER-07994,,
doc-explorer,Unknown recipients,Unknown recipient,0.9714285714285714,PER-22463,,
doc-explorer,message recipients,message recipient,0.9714285714285714,PER-26235,,
doc-explorer,probation officers,probation officer,0.9714285714285714,PER-27130,,
doc-explorer,virtual assistants,virtual assistant (GetFriday),0.9714285714285714,PER-28606,,
epstein-docs,Martin Licon-Vitale,Marti Licom-Vitale,0.972972972972973,PER-00977,,
doc-explorer,A. Marie Villafañia,A. Marie Villapania,0.972972972972973,PER-00030,,
doc-explorer,Bahraini protesters,Bahrain protesters,0.972972972972973,PER-11054,,
doc-explorer,Federal Rule of Criminal Procedure 15,Federal Rule of Criminal Procedure 12,0.972972972972973,PER-14152,,
doc-explorer,Federal Rule of Criminal Procedure 17,Federal Rule of Criminal Procedure 12,0.972972972972973,PER-14152,,
doc-explorer,Federal Rule of Criminal Procedure 18,Federal Rule of Criminal Procedure 12,0.972972972972973,PER-14152,,
doc-explorer,Federal Rule of Criminal Procedure 20,Federal Rule of Criminal Procedure 12,0.972972972972973,PER-14152,,
doc-explorer,Federal Rule of Criminal Procedure 23,Federal Rule of Criminal Procedure 12,0.972972972972973,PER-14152,,
doc-explorer,Federal Rule of Criminal Procedure 32,Federal Rule of Criminal Procedure 12,0.972972972972973,PER-14152,,
doc-explorer,Israeli delegation,Israeli and Palestinian delegations,0.972972972972973,PER-15585,,
doc-explorer,Israeli governments,Israeli generals and government,0.972972972972973,PER-15609,,
doc-explorer,Little Saint Jeff's,Little St. James Island,0.972972972972973,LOC-00001,,
doc-explorer,Nicolas Negroponte,Nicholas Negroponte,0.972972972972973,PER-01147,,
doc-explorer,Unknown researchers,Unknown researcher,0.972972972972973,PER-22464,,
doc-explorer,outside contractors,outside contractor,0.972972972972973,PER-26686,,
doc-explorer,previous commenters,previous commenter,0.972972972972973,PER-27067,,
doc-explorer,Federal Rule of Criminal Procedure 21,Federal Rule of Criminal Procedure 12,0.9736842105263157,PER-14152,,
epstein-docs,Lexis Law Publishing,Leis Law Publishing,0.9743589743589743,ORG-01846,,
doc-explorer,Trump investigation,Trump administration,0.9743589743589743,PER-21803,,
doc-explorer,email communications,email communication,0.9743589743589743,PER-24624,,
doc-explorer,"businesspeople, royalty, and academicians","academicians, businesspeople, and royalty",0.975,PER-23246,,
epstein-docs,US Attorney's Office (NH),U.S. Attorney's Offices,0.975609756097561,ORG-03274,,
doc-explorer,Palestinian attackers,Palestinian attacker,0.975609756097561,PER-18910,,
doc-explorer,Robert C. Josefsbergs,Robert C. Josefsberg,0.975609756097561,PER-07994,,
doc-explorer,White House officials,White House official,0.975609756097561,PER-22852,,
doc-explorer,43.9 percent according to RealClearPolitics,39 percent according to RealClearPolitics,0.9761904761904762,PER-09908,,
doc-explorer,Boy Scouts of America,Boys Scouts of America,0.9767441860465115,ORG-00403,,
doc-explorer,Israeli Defense Forces,Israel Defense Forces,0.9767441860465115,PER-15551,,
doc-explorer,The Interactive Brain: (working title),The Interactive Brain,0.9767441860465115,PER-21476,,
doc-explorer,communication contents,communication content,0.9767441860465115,PER-24022,,
doc-explorer,deposition proceedings,deposition proceeding,0.9767441860465115,PER-24398,,
doc-explorer,humanitarian flotillas,humanitarian flotilla,0.9767441860465115,PER-25476,,
doc-explorer,international meetings,international meeting,0.9767441860465115,PER-25686,,
doc-explorer,private equity markets,private equity market,0.9767441860465115,PER-27094,,
doc-explorer,soliciting prostitutes,soliciting an underage prostitute,0.9767441860465115,PER-27908,,
doc-explorer,undisclosed recipient,Undisclosed recipients,0.9767441860465115,PER-22294,,
doc-explorer,unspecified recipients,unspecified recipient,0.9767441860465115,PER-28561,,
doc-explorer,Bath & Tennis Club Inc.,Bath & Tennis Club Inc,0.9777777777777777,PER-11143,,
doc-explorer,JP Morgan Private Bank client coverage teams,J.P. Morgan Private Bank client coverage teams,0.9777777777777777,PER-15721,,
doc-explorer,Unknown property owners,Unknown property owner,0.9777777777777777,PER-22462,,
doc-explorer,household staff members,household staff member,0.9777777777777777,PER-25444,,
doc-explorer,nonprofit organization,non-profit organization,0.9777777777777777,ORG-03714,,
doc-explorer,2560 South Ocean Boulevard Condominium Unit 508,2560 South Ocean Boulevard Condominium Unit 504,0.9787234042553191,PER-09875,,
doc-explorer,Debbie Wasserman Schultz,Debbie Wasserman Shultz,0.9787234042553191,PER-03480,,
doc-explorer,Guy Oseary's afterparty,Guy Oseary's after-party,0.9787234042553191,PER-14879,,
doc-explorer,Sayeret Matkal commandos,Sayeret Matkal commando,0.9787234042553191,PER-20357,,
doc-explorer,communication satellites,communication satellite,0.9787234042553191,PER-24027,,
doc-explorer,Jeffrey Epstein's lawyers,Jeffrey Epstein's lawyer,0.9795918367346939,PER-16070,,
doc-explorer,US Senate Permanent Subcommittee on Investigations,U.S. Senate Permanent Subcommittee on Investigations,0.9803921568627451,PER-22009,,
epstein-docs,"HADDON, MORGAN & FOREMAN P.C","HADDON MORGAN & FOREMAN, P.C.",0.9818181818181819,ORG-01395,,
epstein-docs,"HADDON, MORGAN & FORMAN P.C.","HADDON MORGAN & FOREMAN, P.C.",0.9818181818181819,ORG-01395,,
doc-explorer,Jeffrey Epstein's assistants,Jeffrey Epstein's assistant,0.9818181818181819,PER-16054,,
doc-explorer,Jeffrey Epstein's residences,Jeffrey Epstein's residence,0.9818181818181819,LOC-00933,,
doc-explorer,Noam Chomsky; Jeffrey Epstein,"Noam Chomsky, Jeffrey Epstein",0.9824561403508771,PER-18580,,
doc-explorer,BDSM versus abuse distinctions,BDSM versus abuse distinction,0.9830508474576272,PER-11023,,
doc-explorer,communications and attachments,communication and attachments,0.9830508474576272,PER-24019,,
doc-explorer,soliciting prostitution from minors,soliciting prostitution from minor,0.9855072463768118,PER-27909,,
doc-explorer,solicitation of prostitution charge,prostitution charges,0.9859154929577465,PER-27204,,
doc-explorer,Huichol Indian shamanic practitioners,Huichol Indian shamanic practitioner,0.9863013698630136,PER-15256,,
doc-explorer,"AI, Goals, and Inadvertent Side Effects",AI Goals and Inadvertent Side Effects,0.9866666666666667,PER-10045,,
epstein-docs,Collins Phil,Phil Collins,1.0,PER-01219,,
epstein-docs,Hurwitz Hugh,Hugh J. Hurwitz,1.0,PER-00637,,
epstein-docs,Jagger Mick,Mick Jagger,1.0,PER-01044,,
epstein-docs,Moya Goretti,Goretti Moya,1.0,PER-04437,,
epstein-docs,Pastrana Andres,Andres Pastrana,1.0,PER-00100,,
epstein-docs,Pigozzi Jean,Jean Pigozzi,1.0,PER-01598,,
epstein-docs,Scott C,C Scott,1.0,PER-02681,,
epstein-docs,Thomas C. McMillen,C. Thomas McMillen,1.0,PER-02689,,
epstein-docs,Association of American Law Schools,American Association of Law Schools,1.0,ORG-00168,,
epstein-docs,"HADDON, MORGAN & FOREMAN P.C.","HADDON MORGAN & FOREMAN, P.C.",1.0,ORG-01395,,
epstein-docs,"HADDON, MORGAN & FOREMAN, P.C.","HADDON MORGAN & FOREMAN, P.C.",1.0,ORG-01395,,
epstein-docs,Justice Committee,Committee for Public Justice,1.0,ORG-00708,,
epstein-docs,Justice Department,Department of Justice (D.O.J),1.0,ORG-00917,,
epstein-docs,Labor Department,Department of Labor,1.0,ORG-00920,,
epstein-docs,New York MCC,MCC New York,1.0,ORG-00020,,
epstein-docs,Sacramento County,County of Sacramento,1.0,ORG-00788,,
epstein-docs,State Department,Department of State,1.0,ORG-00923,,
epstein-docs,The Breakers,Breakers The,1.0,ORG-00411,,
epstein-docs,Victoria University,University of Victoria,1.0,ORG-03499,,
epstein-docs,New York MCC,MCC 2nd Floor Attorney Conference Room,1.0,LOC-01105,,
epstein-docs,Unit 10 South,10 South Housing Unit,1.0,LOC-00008,,
doc-explorer,"Ackrell Capital, LLC",Ackrell Capital LLC,1.0,PER-10171,,
doc-explorer,"Alcatel-Lucent, S.A.",Alcatel-Lucent France S.A.,1.0,PER-10372,,
doc-explorer,"Bill Clinton, Al Gore, Tipper Gore","Al Gore, Tipper Gore, Bill Clinton",1.0,PER-10282,,
doc-explorer,Bobby Slayton,Slayton Bobby,1.0,PER-08607,,
doc-explorer,"Boothbay Absolute Return Strategies, LP",Boothbay Absolute Return Strategies LP,1.0,PER-11460,,
doc-explorer,"Boothbay Fund Management, LLC",Boothbay Fund Management LLC,1.0,PER-11462,,
doc-explorer,Christmas Concert 2016,2016 Christmas Concert,1.0,PER-09820,,
doc-explorer,Court Clerk,CLERK OF THE CIRCUIT COURT & COMPTROLLER,1.0,ORG-00499,,
doc-explorer,"DB Pace Acquisition, LLC",DB Pace Acquisition LLC,1.0,PER-12776,,
doc-explorer,"Dell, NSA",Dell and corporate assistance to NSA,1.0,PER-13121,,
doc-explorer,Donald Trump and Bill Clinton,Bill Clinton and Donald Trump,1.0,PER-11314,,
doc-explorer,"Elias Management & Construction, Inc.",Elias Management & Construction Inc.,1.0,PER-13684,,
doc-explorer,Facebook Inc.,"Facebook, Inc.",1.0,ORG-01128,,
doc-explorer,Inquiry Commission,Commission of Inquiry,1.0,PER-12569,,
doc-explorer,Jeffrey Epstein and Alan Dershowitz,Alan Dershowitz and Jeffrey Epstein,1.0,PER-10309,,
doc-explorer,Jeffrey Epstein and Donald Trump,Donald Trump and Jeffrey Epstein,1.0,PER-13319,,
doc-explorer,Jeffrey Epstein and Jay Lefkowitz,Jay Lefkowitz and Jeffrey Epstein,1.0,PER-15952,,
doc-explorer,Louis Epstein,Epstein Louis,1.0,PER-13804,,
doc-explorer,Mark Zeff,Zeff Mark,1.0,PER-09541,,
doc-explorer,Michael Charles,Charles Michael,1.0,PER-12110,,
doc-explorer,"Noam Chomsky, Lawrence Krauss","Lawrence Krauss, Noam Chomsky",1.0,PER-17017,,
doc-explorer,Philip Treacy,Treacy Philip,1.0,PER-09065,,
doc-explorer,Prince Andrew and Alan Dershowitz,Alan Dershowitz and Prince Andrew,1.0,PER-10311,,
doc-explorer,Prince Andrew and Ghislaine Maxwell,Ghislaine Maxwell and Prince Andrew,1.0,PER-14641,,
doc-explorer,Rand Paul,Paul Rand,1.0,PER-19104,,
doc-explorer,Russia and China,China and Russia,1.0,PER-12204,,
doc-explorer,SEC and DOJ,DOJ and SEC,1.0,PER-12802,,
doc-explorer,Sharpe James,James Sharpe,1.0,PER-15858,,
doc-explorer,Toby Young,Young Toby,1.0,PER-09507,,
doc-explorer,USA Inc.,"Cinemark USA, Inc.",1.0,ORG-00635,,
doc-explorer,USA Inc. (U.S. Federal Government),"Cinemark USA, Inc.",1.0,ORG-00635,,
doc-explorer,"Verde Investments, Inc.",Verde Investments Inc.,1.0,PER-22536,,
doc-explorer,"Vivian Dorris's dog, Charlie",Vivian Dorris's dog Charlie,1.0,PER-22648,,
doc-explorer,Windsor v. United States,United States v. Windsor,1.0,PER-22404,,
doc-explorer,document communication,communication document,1.0,PER-24023,,
doc-explorer,educational reform and cognitive science,cognitive science and educational reform,1.0,PER-23984,,
doc-explorer,media allegations,allegations in media,1.0,PER-23355,,
doc-explorer,public media,media and public,1.0,PER-26153,,
doc-explorer,stay duration,duration of stay,1.0,PER-24539,,
doc-explorer,subsidiary Hudson Castle,Hudson Castle subsidiary,1.0,PER-15251,,
doc-explorer,trial prosecutor,prosecutor in Tyson case,1.0,PER-27191,,
