entity_a,entity_b,shared_neighbor_count,shared_neighbors,priority_score
Jeffrey Epstein,Jeffrey Epstein's residence,17,Jean-Luc Brunel; Al Gore; Juan Alessi; Peter Thiel; Mort Zuckerman; Joseph Recarey; Virginia Giuffre; Kathryn Ruemmler; Johnson; Alfredo Rodriguez,13872
Jeffrey Epstein,Kelly Bovino Umekubo,15,"Alison J. Nathan; Sophie Biddle; Jane, Annie, Kate, Carolyn, Virginia, and Melissa; Maurene Ryan Coney; Cocoa Brown; Christian R. Everdell; Jeffrey S. Pagliuca; Lara Elizabeth Pomerantz; Damian Williams; Andrew Rohrbach",12315
Jeffrey Epstein,Syria,14,Barack Obama; Mohammed bin Salman; White House; Russia; United States Of America; China; Hillary Clinton; Recep Tayyip Erdoğan; Turkey; Ehud Barak,11536
Jeffrey Epstein,Sterntheim,12,Alison J. Nathan; Juror Number 50; Maurene Ryan Coney; Jeffrey S. Pagliuca; Susan Elizabeth Brune; Lara Elizabeth Pomerantz; Damian Williams; Andrew Rohrbach; Laura Menninger; Ghislaine Maxwell,9816
Jeffrey Epstein,Reince Priebus,11,James Comey; Jared Kushner; White House; Mike Pence; Tom Barrack; Lieutenant General Michael T. Flynn; Steve Bannon; Anthony Scaramucci; Michael Wolff; Landon Thomas Jr.,8987
Jeffrey Epstein,Shimon Peres,10,Barack Obama; United States Of America; Iran; Islamic extremism and ISIS; Hillary Clinton; Recep Tayyip Erdoğan; Ehud Barak; Israel; Benjamin Netanyahu; Ehud Olmert,8330
Jeffrey Epstein,Bashar al-Assad,10,Terje Rød-Larsen; Barack Obama; White House; Iran; United States Of America; Hillary Clinton; Recep Tayyip Erdoğan; Ehud Barak; Israel; Ehud Olmert,8220
Jeffrey Epstein,Glenn Greenwald,10,Barack Obama; United States Of America; Brazil; Nsa; The Guardian; Laura Poitras; Unknown Saudi journalist; State Of New York; New York Times; Edward Snowden,8160
Trump,Ehud Barak,20,Vladimir Putin; Jeffrey Epstein; United States Of America; Iran; Larry Visoski; State Of New York; U.S. President; China; 45th President of the United States; Tony Blair,7640
Jeffrey Epstein,Yasser Arafat,9,Mohammed bin Salman; United States Of America; George H.W. Bush; 45th President of the United States; Hillary Clinton; Paris-LeBourget; Ehud Barak; Israel; Benjamin Netanyahu,7425
Trump,Sarah Kellen,20,David Rodriguez; Alan Dershowitz; Jeffrey Epstein; media organizations; Juan Alessi; Jane Does; Peggy Siegal; Darren K. Indyke; Mark Epstein; Alfredo Rodriguez,7380
Jeffrey Epstein,Yitzhak Rabin,8,United States Of America; Mort Zuckerman; Hillary Clinton; Alan Dershowitz; Daniel Siad; Ehud Barak; Israel; Benjamin Netanyahu,6632
Jeffrey Epstein,Egypt,8,Barack Obama; Iran; United States Of America; Islamic extremism and ISIS; United States Egypt policy; Ehud Barak; Kingdom of Saudi Arabia; Israel,6592
Jeffrey Epstein,Bank of America Merrill Lynch,8,Bloomberg News; United States Of America; Brazil; Amazon.com; Amanda Ens; Turkey; Kingdom of Saudi Arabia; Trump,6584
Jeffrey Epstein,Desiree Washington,8,Vladimir Putin; Iran; China; Steve Bannon; Hillary Clinton; Turkey; Ehud Barak; North Korea,6552
Jeffrey Epstein,CIA/BoozAllen,8,Jared Kushner; Vladimir Putin; Lieutenant General Michael T. Flynn; Nsa; Dominique Strauss-Kahn; Edward Snowden; Cathy; Trump,6520
Jeffrey Epstein,Paula Epsilon,7,David Rodriguez; Sophie Biddle; Elizabeth (Libit) Johnson; Sarah Kellen; Heather Mann; Peter Marino; Former Senator George Mitchell,5754
Jeffrey Epstein,Unknown Israeli political leader,7,Barack Obama; United States Of America; Iran; Islamic extremism and ISIS; Hillary Clinton; Kingdom of Saudi Arabia; Ehud Olmert,5705
Jeffrey Epstein,Palestinians,7,Barack Obama; White House; Hillary Clinton; Ehud Barak; Israel; Benjamin Netanyahu; Ehud Olmert,5698
Jeffrey Epstein,long-range rockets to Hamas,6,Barack Obama; Iran; Qatar; Ehud Barak; Israel; Benjamin Netanyahu,4932
Ghislaine Maxwell,Valdson Cotrin,14,Tatiana Kovylina; Nadia Marcinkova; Steve Lester; Gary Blackwell (Pilot); Andrea Mitrovich; Igor Zinoviev; Sarah Kellen; Larry Visoski; Adriana Ross; Bill Hammond,4788
Trump,Trump administration,16,Ben Rhodes; Tom Barrack; Mitchell Bard; Lieutenant General Michael T. Flynn; John Kelly; Alexander Acosta; Gary Cohn; Steve Bannon; Robert Mueller; Jeremy Rubin,4736
Trump,Alison J. Nathan,12,Juan Alessi; Darren K. Indyke; Virginia Giuffre; Jack Scarola; Alfredo Rodriguez; Bradley Edwards; Richard Kahn; Eva Dubin; Reid Weingarten; Jeffrey Epstein,4464
Trump,Martin Weinberg,14,Cnn; Darren K. Indyke; Kathryn Ruemmler; Matthew Mosk; Federal Bureau of Investigation Forensics Laboratory; Richard Kahn; Alan Dershowitz; David Ingram; Ghislaine Maxwell; Reid Weingarten,4368
Ghislaine Maxwell,Jack Goldberger,12,Jane Does; Jay Lefkowitz; Sarah Kellen; Virginia Giuffre; Joseph Recarey; Jack Scarola; Ms.Villaflana; Alan Dershowitz; Jeffrey Epstein; civil lawsuit,4284
Jeffrey Epstein,Theresa Trzaskoma,5,Alison J. Nathan; Susan Elizabeth Brune; David Boies; Ghislaine Maxwell; Jack Scarola,4125
Jeffrey Epstein,"William H. Pauley, III",5,Alison J. Nathan; Susan Elizabeth Brune; Hillary Clinton; Danny Hillis; Ghislaine Maxwell,4090
Jeffrey Epstein,Ariel Sharon,5,Terje Rød-Larsen; Israel; Ehud Barak; George H.W. Bush; Benjamin Netanyahu,4085
Jeffrey Epstein,Hezbollah,5,Terje Rød-Larsen; Iran; Ehud Barak; Kingdom of Saudi Arabia; Israel,4070
Ghislaine Maxwell,Federal Bureau of Investigation Forensics Laboratory,11,Jean-Luc Brunel; Virginia Giuffre; Alfredo Rodriguez; Virginia; Palm Beach Police Department; Charlie Rose; Alan Dershowitz; Martin Weinberg; Jeffrey Epstein; New York (E.D.N.Y.),4059
Trump,George H.W. Bush,13,Barack Obama; Mohammed bin Salman; Mahmoud Abbas; Iran; United States Of America; Viktor Orban; Arthur B. Laffer; 45th President of the United States; Kenneth Starr; Paul Krassner,3965
Ghislaine Maxwell,Kathryn Ruemmler,11,Barack Obama; Jeffrey Epstein's residence; United States Of America; Darren K. Indyke; Hillary Clinton; Michael Wolff; State Of New York; Martin Weinberg; Reid Weingarten; Jeffrey Epstein,3883
Trump,Paul Cassell,12,"address book; United States Of America; U.S. Department of Justice (DOJ); Virginia Giuffre; Leslie Wexner; M. Roberts; Andrew, Duke of York; Bradley Edwards; Alan Dershowitz; Jeffrey Epstein",3840
Alan Dershowitz,Alison J. Nathan,15,Juan Alessi; Farmer; Sarah Ransome; Darren K. Indyke; Virginia Giuffre; Alfredo Rodriguez; Laura Menninger; Bradley Edwards; Sigrid McCawley; Richard Kahn,3825
Ghislaine Maxwell,Steve Bannon,9,United States Of America; Trump; Charlie Rose; Michael Wolff; Richard Kahn; Reid Weingarten; Jeffrey Epstein; media organizations; Larry Summers,3789
Alan Dershowitz,Lesley Groff,18,Matthew I. Menchel; Juan Alessi; Nadia Marcinkova; Larry Summers; Joi Ito; United States Of America; Martin Nowak; Darren K. Indyke; Sarah Kellen; Larry Visoski,3780
Ghislaine Maxwell,U.S. Department of Justice (DOJ),10,Jean-Luc Brunel; Jay Lefkowitz; Marie Villafana; Trump; Paul Cassell; Bradley Edwards; Richard Kahn; Jeffrey Epstein; Alexander Acosta; Jack Scarola,3650
Trump,Jean-Luc Brunel,11,Jeffrey Epstein's residence; U.S. Department of Justice (DOJ); Darren K. Indyke; Virginia Giuffre; Larry Visoski; Federal Bureau of Investigation Forensics Laboratory; Bradley Edwards; Jacquie Johnson; Jeffrey Epstein; Ghislaine Maxwell,3641
Alan Dershowitz,Steve Bannon,14,Mike Pence; White House; United States Of America; Robert Trivers; Trump; Charlie Rose; Sheldon Adelson; House Judiciary Committee; Michael Wolff; Richard Kahn,3556
Alan Dershowitz,Ehud Barak,13,Barack Obama; United States Of America; Ehud Olmert; Larry Visoski; Hillary Clinton; Noam Chomsky; State Of New York; Yitzhak Rabin; Jeffrey Epstein; Israel,3445
Ghislaine Maxwell,James Patterson,10,"Virginia Giuffre; Vicky Ward; Leslie Wexner; Paul Cassell; Andrew, Duke of York; Bradley Edwards; Michael Wolff; Alan Dershowitz; Jeffrey Epstein; Alexander Acosta",3410
Trump,Nsa,11,Barack Obama; Vladimir Putin; United States Of America; U.S. Department of Justice (DOJ); CIA/BoozAllen; House Judiciary Committee; Federal Bureau of Investigation Forensics Laboratory; Ronald Reagan; Edward Snowden; Jeffrey Epstein,3333
Jeffrey Epstein,David K. Parse,4,Ghislaine Maxwell; Alison J. Nathan; Jack Scarola; Susan Elizabeth Brune,3328
Jeffrey Epstein,Osama bin Laden,4,Mohammed bin Salman; Barack Obama; United States Attorney's Office; United States Of America,3276
Alan Dershowitz,Jean-Luc Brunel,15,Nadia Marcinkova; Jeffrey Epstein's residence; Darren K. Indyke; Sarah Kellen; Virginia Giuffre; Larry Visoski; Federal Bureau of Investigation Forensics Laboratory; Bradley Edwards; legal proceeding; Ghislaine Maxwell,3210
Ghislaine Maxwell,Kenneth Starr,9,Jay Lefkowitz; Ms.Villaflana; Hillary Clinton; Michael Wolff; Alan Dershowitz; Jeffrey Epstein; Alexander Acosta; media organizations; Trump,3168
Trump,Court,10,Mohammed bin Salman; address book; Lieutenant General Michael T. Flynn; Virginia Giuffre; Bradley Edwards; Alan Dershowitz; Reid Weingarten; Jeffrey Epstein; Ghislaine Maxwell; Jack Scarola,3160
Ghislaine Maxwell,Heather Mann,9,Joe Pagano; Perry Lang/Adam; David Rodriguez; Sophie Biddle; Jonathan Mano; Cindy Lopez (Buklarewicz); Didier Cazaudumec; Jeffrey Epstein; Lynn Forester,3150
Trump,Gwendolyn Beck,10,"Trump campaign; David Rodriguez; Diners Club, Inc.; Virginia Giuffre; Alfredo Rodriguez; Didier Cazaudumec; Larry Summers; Jeffrey Epstein; Ghislaine Maxwell; Eva Dubin",3110
Ghislaine Maxwell,Boris Nikolic,9,"Jean-Luc Brunel; Andrew, Duke of York; Tom Pritzker; Hillary Clinton; Richard Kahn; Lesley Groff; Ehud Barak; Jeffrey Epstein; New York (E.D.N.Y.)",3105
Trump,Jay Lefkowitz,10,U.S. Department of Justice (DOJ); Marie Villafana; Kenneth Starr; Landon Thomas Jr.; Richard Kahn; Alan Dershowitz; Alexandra Wolfe; Jeffrey Epstein; Alexander Acosta; Ghislaine Maxwell,3100
Ghislaine Maxwell,Iran,8,Barack Obama; United States Attorney's Office; United States Of America; Hillary Clinton; Ehud Barak; Jeffrey Epstein; Madeleine Albright; Trump,3080
Trump,Palm Beach Police Department,10,Jeffrey Epstein's residence; Palm Beach estate; Virginia Giuffre; Alfredo Rodriguez; Federal Bureau of Investigation Forensics Laboratory; Bradley Edwards; Alan Dershowitz; Ghislaine Maxwell; Jeffrey Epstein; Alexander Acosta,3080
Barack Obama,Steve Bannon,15,White House; Vladimir Putin; Russia; United States Of America; Middle East; Trump; China; Islamic extremism and ISIS; Republican Party; Kingdom of Saudi Arabia,3075
Ghislaine Maxwell,Celina Midelfart,9,Joel Pashcow; David Rodriguez; Sophie Biddle; Gwendolyn Beck; Didier Cazaudumec; Alan Dershowitz; Jeffrey Epstein; Lynn Forester; Eva Dubin,3069
Alan Dershowitz,Eva Dubin,14,Nadia Marcinkova; David Rodriguez; Robin Plant; Darren K. Indyke; Mandy Ellison; Virginia Giuffre; Sarah Kellen; Larry Visoski; Celina Midelfart; Ghislaine Maxwell,3052
Trump,Nadia Marcinkova,9,"Alfredo Rodriguez; Andrew, Duke of York; Larry Visoski; Bradley Edwards; Alan Dershowitz; Lesley Groff; Jeffrey Epstein; Ghislaine Maxwell; Eva Dubin",2934
Trump,Woody Allen,10,"Farkas, Jonathan D.; Heidi Somers; Andrew, Duke of York; Deepak Chopra; Michael Wolff; Noam Chomsky; Alan Dershowitz; Lawrence Krauss; Jeffrey Epstein; New York Times",2920
Alan Dershowitz,Reid Weingarten,14,Barack Obama; Florida; Mike Pence; United States Of America; Alfredo Rodriguez; Antonin Scalia; Charlie Rose; Court; New York Times; David Boies,2870
Ghislaine Maxwell,New York Times,8,Sarah Ransome; Michael Wolff; Richard Kahn; Alan Dershowitz; Martin Weinberg; Reid Weingarten; Jeffrey Epstein; Trump,2848
Ghislaine Maxwell,Vladimir Putin,8,Barack Obama; United States Of America; Dominique Strauss-Kahn; Mark Epstein; Michael Wolff; Ehud Barak; Jeffrey Epstein; Trump,2840
Ghislaine Maxwell,Lawrence Krauss,8,Barack Obama; Hillary Clinton; Richard Kahn; Michael Wolff; Lesley Groff; Kevin Spacey; Jeffrey Epstein; Trump,2824
Hillary Clinton,Jean-Luc Brunel,14,Boris Nikolic; underage girl; Darren K. Indyke; Naomi Campbell; Virginia Giuffre; Cindy Lopez (Buklarewicz); Sarah Kellen; Larry Visoski; Bradley Edwards; Paris-LeBourget,2772
Trump,Jack Goldberger,9,New York Times; Jane Does; Virginia Giuffre; Kenneth Starr; Alan Dershowitz; Jeffrey Epstein; civil lawsuit; media organizations; Jack Scarola,2763
Ghislaine Maxwell,Edward Snowden,7,Barack Obama; tabloid press; United States Attorney's Office; United States Of America; Jeffrey Epstein; media organizations; Trump,2758
Ghislaine Maxwell,Leon Black,8,Sophie Biddle; Sheldon Barr; Wilbur Ross; Alexandra Wolfe; Kelly Bovino Umekubo; Jeffrey Epstein; Cocoa Brown; Trump,2744
Trump,Joseph Recarey,9,Juan Alessi; David Rodriguez; Jeffrey Epstein's residence; Alfredo Rodriguez; Alan Dershowitz; Ghislaine Maxwell; Jeffrey Epstein; state attorney's office; Town of Palm Beach,2736
Trump,Emmy Tayler,8,"Virginia Giuffre; Andrew, Duke of York; Didier Cazaudumec; Alan Dershowitz; Eva Dubin; Jeffrey Epstein; Ghislaine Maxwell; Larry Summers",2728
Alan Dershowitz,Edward Snowden,12,Barack Obama; United States Attorney's Office; United States Of America; Julian Assange; Aclu; House Judiciary Committee; Federal Bureau of Investigation Forensics Laboratory; New York Times; Jeffrey Epstein; Israel,2724
Trump,Former Senator George Mitchell,9,Barack Obama; David Rodriguez; White House; Mahmoud Abbas; Virginia; Leslie Wexner; Joe Biden; Jeffrey Epstein; Ghislaine Maxwell,2700
Bradley Edwards,Laura Menninger,20,Robert W. Sweet; Andrew Rohrbach; Sigrid McCawley; Alan Dershowitz; Aldrich; Jeffrey Epstein; Nicole Simmons; Jeffrey S. Pagliuca; Damian Williams; Court,2700
Trump,Bashar al-Assad,9,European Union; Barack Obama; Ben Rhodes; White House; Syria; Iran; United States Of America; Hillary Clinton; Israel,2691
Trump,United States Attorney's Office,9,Patient Protection and Affordable Care Act; Iran; Chinese Communist Party and government; Angela Merkel; Bradley Edwards; Alan Dershowitz; Edward Snowden; Jeffrey Epstein; Ghislaine Maxwell,2691
Ghislaine Maxwell,Israel,7,Barack Obama; United States Of America; Hillary Clinton; Alan Dershowitz; Ehud Barak; Jeffrey Epstein; Trump,2681
Trump,New York (E.D.N.Y.),9,Linda Stone; Federal Bureau of Investigation Forensics Laboratory; Robert Lawrence Kuhn; Michael Wolff; Landon Thomas Jr.; Reid Weingarten; Jeffrey Epstein; Ghislaine Maxwell; Jane Does,2628
Trump,James Patterson,9,"Cnn; Virginia Giuffre; Leslie Wexner; Andrew, Duke of York; Bradley Edwards; Michael Wolff; Alan Dershowitz; Jeffrey Epstein; Alexander Acosta",2619
Trump,David Copperfield,9,Eric; Darren K. Indyke; Virginia Giuffre; Alfredo Rodriguez; Leslie Wexner; Bradley Edwards; Jeffrey Epstein; Ghislaine Maxwell; Eva Dubin,2619
Hillary Clinton,Steve Bannon,11,Boris Nikolic; United States Of America; Daily Beast article; Trump; Desiree Washington; Joe Scarborough; Michael Wolff; Richard Kahn; Jeffrey Epstein; Benjamin Netanyahu,2618
Alan Dershowitz,U.S. Department of Justice (DOJ),13,White House; Harry Reems; Jay Lefkowitz; Trump; Paul Cassell; House Judiciary Committee; Kenneth Starr; Bradley Edwards; Richard Kahn; Alexander Acosta,2574
Ghislaine Maxwell,Benjamin Netanyahu,7,Barack Obama; United States Of America; Hillary Clinton; Alan Dershowitz; Ehud Barak; Jeffrey Epstein; Trump,2569
Ghislaine Maxwell,Landon Thomas Jr.,7,"Jay Lefkowitz; Andrew, Duke of York; Michael Wolff; David Boies; Jeffrey Epstein; New York (E.D.N.Y.); Trump",2443
Hillary Clinton,China,13,Barack Obama; Syria; United States Of America; Iran; Paul Keating; Desiree Washington; Afghanistan; David Cameron; Robert Gates; Larry Summers,2431
Trump,Elisa New,8,Anas Al-Rasheed; Joe Biden; Hillary Clinton; Michael Wolff; Lesley Groff; Jeffrey Epstein; Leon Black; Larry Summers,2416
Ghislaine Maxwell,Noam Chomsky,7,United States Of America; Richard Kahn; Alan Dershowitz; Lesley Groff; Ehud Barak; Jeffrey Epstein; Trump,2415
Ghislaine Maxwell,Gerald Lefcourt,7,Jay Lefkowitz; Marie Villafana; Palm Beach Police Department; Ms.Villaflana; Alan Dershowitz; Jeffrey Epstein; Alexander Acosta,2408
Ghislaine Maxwell,Scott W. Rothstein,7,"United States Of America; Andrew, Duke of York; Bradley Edwards; Hillary Clinton; Court; Jeffrey Epstein; court deposition",2401
Alan Dershowitz,Iran,11,Barack Obama; Obama administration; United States Attorney's Office; United States Of America; Mahmoud Ahmadinejad; Hillary Clinton; Noam Chomsky; Jeffrey Epstein; Israel; Benjamin Netanyahu,2398
Ghislaine Maxwell,Anthony Barrett,7,Joel Pashcow; Sophie Biddle; Gwendolyn Beck; Lesley Groff; Kelly Bovino Umekubo; Jeffrey Epstein; Cocoa Brown,2387
Ghislaine Maxwell,Matthew I. Menchel,7,Jay Lefkowitz; Marie Villafana; Ms.Villaflana; Alan Dershowitz; Lesley Groff; Jeffrey Epstein; Alexander Acosta,2380
Trump,Desiree Washington,8,Syria; Vladimir Putin; Iran; China; Steve Bannon; Hillary Clinton; Christopher Steele; North Korea,2368
Trump,Al Gore,8,Jeffrey Epstein's residence; Virginia Giuffre; Virginia; Deepak Chopra; Jeffrey Epstein; Ghislaine Maxwell; media organizations; Larry Summers,2352
Trump,Turkey,8,Ben Rhodes; Syria; Iran; United States Of America; Hillary Clinton; Bank of America Merrill Lynch; Jeffrey Epstein; Israel,2344
Alan Dershowitz,Gwendolyn Beck,12,David Rodriguez; Joel Pashcow; Robin Plant; Mandy Ellison; Sarah Kellen; Virginia Giuffre; Alfredo Rodriguez; Celina Midelfart; Jeffrey Epstein; Emmy Tayler,2328
Alan Dershowitz,Jeffrey S. Pagliuca,11,Juan Alessi; Farmer; Joseph Recarey; Virginia Giuffre; Laura Menninger; Bradley Edwards; Sigrid McCawley; David Boies; Martin Weinberg; Jeffrey Epstein,2288
Trump,Jeffrey S. Pagliuca,7,Juan Alessi; Virginia Giuffre; Bradley Edwards; Reid Weingarten; Jeffrey Epstein; Ghislaine Maxwell; Eva Dubin,2275
Trump,Sigrid McCawley,7,Virginia Giuffre; Bradley Edwards; Hillary Clinton; Alan Dershowitz; Jeffrey Epstein; Ghislaine Maxwell; Jack Scarola,2226
Ghislaine Maxwell,China,6,Barack Obama; United States Of America; Larry Summers; Ehud Barak; Jeffrey Epstein; Trump,2220
Trump,Larry Morrison,7,"Andrew, Duke of York; Larry Visoski; Bradley Edwards; Larry Summers; Jeffrey Epstein; Ghislaine Maxwell; Eva Dubin",2212
Alan Dershowitz,Larry Morrison,11,"Tatiana Kovylina; Nadia Marcinkova; Sarah Kellen; Harry Beller; Andrew, Duke of York; Larry Visoski; Bradley Edwards; Adriana Ross; Jeffrey Epstein; Ghislaine Maxwell",2189
Ghislaine Maxwell,Kingdom of Saudi Arabia,6,Barack Obama; United States Of America; Michael Wolff; Larry Summers; Jeffrey Epstein; Trump,2184
Alan Dershowitz,Marie Villafana,12,Roy Black; Matthew I. Menchel; plea agreement; Jay Lefkowitz; federal district court; Bradley Edwards; Gerald Lefcourt; Alexander Acosta; Andrew Lourie; Jeffrey Epstein,2184
Hillary Clinton,Kingdom of Saudi Arabia,12,Unknown Israeli political leader; United States invasion and occupation of Iraq; Barack Obama; Syria; Iran; United States Of America; United States Egypt policy; Michael Wolff; Larry Summers; Jeffrey Epstein,2172
Ghislaine Maxwell,White House,6,Barack Obama; Alan Dershowitz; Cathy; Former Senator George Mitchell; Jeffrey Epstein; Trump,2160
Hillary Clinton,Alison J. Nathan,9,"Darren K. Indyke; Casey/Caroline; William H. Pauley, III; Virginia Giuffre; Bradley Edwards; Sigrid McCawley; Richard Kahn; Jeffrey Epstein; Ghislaine Maxwell",2151
Ghislaine Maxwell,George H.W. Bush,6,Barack Obama; United States Of America; William Henry Cosby Jr.; Paul Cassell; Ehud Barak; Jeffrey Epstein,2130
Ghislaine Maxwell,Peggy Siegal,6,Stephen Schwarzman's wife Christine; Sarah Kellen; Lesley Groff; Harvey Weinstein; Jeffrey Epstein; Trump,2124
Hillary Clinton,Nadia Marcinkova,11,"underage girl; Andrea Mitrovich; Sarah Kellen; Andrew, Duke of York; Larry Visoski; Bradley Edwards; Adriana Ross; Alan Dershowitz; Lesley Groff; Jeffrey Epstein",2123
Ghislaine Maxwell,"Stanley J. Okula, JR.",6,"Theresa Trzaskoma; William H. Pauley, III; David K. Parse; Susan Elizabeth Brune; Sterntheim; Paul Shechtman",2118
Ghislaine Maxwell,Catherine Morgan Conrad,6,"Theresa Trzaskoma; William H. Pauley, III; David K. Parse; Susan Elizabeth Brune; Sterntheim; Hillary Clinton",2118
Ghislaine Maxwell,Elisa New,6,Al Gore; Hillary Clinton; Michael Wolff; Lesley Groff; Jeffrey Epstein; Larry Summers,2112
Alan Dershowitz,Paul Krassner,11,Barack Obama; Mike Pence; Cnn; Aclu; House Judiciary Committee; Federal Bureau of Investigation Forensics Laboratory; Hillary Clinton; Gerald Lefcourt; New York Times; Jeffrey Epstein,2112
Trump,David Boies,7,Virginia Giuffre; Bradley Edwards; Landon Thomas Jr.; Alan Dershowitz; Reid Weingarten; Jeffrey Epstein; Ghislaine Maxwell,2107
Ghislaine Maxwell,Paula Epsilon,6,David Rodriguez; Sophie Biddle; Elizabeth (Libit) Johnson; Sarah Kellen; Peter Marino; Former Senator George Mitchell,2094
Trump,long-range rockets to Hamas,7,European Union; Barack Obama; Mahmoud Abbas; Iran; United Nations; Israel; Benjamin Netanyahu,2093
Alan Dershowitz,Richard Berman,10,Farmer; Jay Lefkowitz; Virginia Giuffre; Laura Menninger; John Sullivan; Sigrid McCawley; David Boies; Martin Weinberg; Jeffrey Epstein; Ghislaine Maxwell,2090
Trump,Adriana Ross,7,Larry Visoski; Bradley Edwards; Hillary Clinton; Alan Dershowitz; Lesley Groff; Jeffrey Epstein; Ghislaine Maxwell,2086
Ghislaine Maxwell,Andrew Lourie,6,Jay Lefkowitz; Marie Villafana; Ms.Villaflana; Alan Dershowitz; Jeffrey Epstein; Alexander Acosta,2070
United States Of America,Court,13,Mohammed bin Salman; al Qaeda; Adel Abdul Jalil Batterjee; Saudi American Bank; Virginia Giuffre; Scott W. Rothstein; Paul Cassell; Bradley Edwards; Alan Dershowitz; Naif bin Abdulaziz Al-Saud,2067
Alan Dershowitz,Jared Kushner,10,Larry Summers; White House; Michael R. Milken; House Judiciary Committee; Federal Bureau of Investigation Forensics Laboratory; Michael Wolff; Richard Kahn; New York Times; Jeffrey Epstein; Trump,2060
Hillary Clinton,Paul Cassell,11,"United States Of America; David Schoen; Virginia Giuffre; Leslie Wexner; M. Roberts; Andrew, Duke of York; Bradley Edwards; Sigrid McCawley; Alan Dershowitz; Jeffrey Epstein",2057
Alan Dershowitz,Kathryn Ruemmler,11,Barack Obama; White House; Jeffrey Epstein's residence; United States Of America; Darren K. Indyke; Hillary Clinton; Michael Wolff; State Of New York; Martin Weinberg; Jeffrey Epstein,2046
Bradley Edwards,Darren K. Indyke,15,Jean-Luc Brunel; Alison J. Nathan; Jane Does; Steven Jude Hoffenberg; Sarah Kellen; Mark Epstein; Larry Visoski; Hillary Clinton; Richard Kahn; Alan Dershowitz,2025
Virginia Giuffre,Alfredo Rodriguez,17,"Alison J. Nathan; Jeffrey Epstein's residence; Unknown Lawyer; law enforcement agencies; Sarah Kellen; Trump; United States Circuit Court; Palm Beach Police Department; Andrew, Duke of York; Federal Bureau of Investigation Forensics Laboratory",1989
United States Of America,United States Attorney's Office,14,American Recovery and Reinvestment Act; Iran; Chinese Communist Party and government; Paul Cassell; Laura Poitras; Medicare Part D prescription drug program; Bradley Edwards; National Security Agency; Alan Dershowitz; Osama bin Laden,1988
Alan Dershowitz,Jane Does,11,Juan Alessi; Darren K. Indyke; Sarah Kellen; Jack Goldberger; Ms.Villaflana; Bradley Edwards; Richard Kahn; Alexander Acosta; Jeffrey Epstein; Ghislaine Maxwell,1980
Alan Dershowitz,Jeffrey J. Sloman,11,Matthew I. Menchel; Barry Krischer; Jay Lefkowitz; Jack Goldberger; Ms.Villaflana; Miami Herald Media Company; Kenneth Starr; Gerald Lefcourt; Andrew Lourie; Jeffrey Epstein,1969
Virginia Giuffre,Lara Elizabeth Pomerantz,15,Farmer; Richard Berman; Alison J. Nathan; Sarah Ransome; Amanda C. Kracen; Jane Kate; Jeffrey S. Pagliuca; Laura Menninger; Bradley Edwards; Sigrid McCawley,1935
United States Of America,Sarah Kellen,9,Jane Doe NO. 2; Virginia Giuffre; Bradley Edwards; Hillary Clinton; Alan Dershowitz; Lesley Groff; Jeffrey Epstein; Ghislaine Maxwell; Larry Summers,1908
Hillary Clinton,George H.W. Bush,11,United States invasion and occupation of Iraq; Barack Obama; Yasser Arafat; Iran; United States Of America; Arthur B. Laffer; Kenneth Starr; Paul Krassner; David Blaine; Ehud Barak,1892
Alison J. Nathan,Sarah Kellen,10,Juan Alessi; Jane Does; Darren K. Indyke; Virginia Giuffre; Alfredo Rodriguez; Bradley Edwards; Eva Dubin; Jeffrey Epstein; Ghislaine Maxwell; Jack Scarola,1890
Ghislaine Maxwell,Jared Kushner,5,Trump; Richard Kahn; Michael Wolff; Jeffrey Epstein; Larry Summers,1865
Trump,Shimon Peres,6,Barack Obama; United States Of America; Iran; Hillary Clinton; Israel; Benjamin Netanyahu,1860
Trump,Yitzhak Rabin,6,Syria; United States Of America; Hillary Clinton; Alan Dershowitz; Israel; Benjamin Netanyahu,1836
Ghislaine Maxwell,United States Congress,5,Barack Obama; United States Of America; Ehud Barak; Jeffrey Epstein; Trump,1835
Bradley Edwards,Richard Berman,13,Farmer; Alison J. Nathan; (b)(6); (b)(7)(C); Maurene Ryan Coney; Courtney Wild; Jeffrey S. Pagliuca; Virginia Giuffre; Lara Elizabeth Pomerantz; Sigrid McCawley; David Boies,1820
Hillary Clinton,Eva Dubin,9,David Rodriguez; Darren K. Indyke; Sarah Kellen; Virginia Giuffre; Larry Visoski; Lesley Groff; Jeffrey Epstein; Ghislaine Maxwell; Trump,1818
Trump,Yasser Arafat,6,Mohammed bin Salman; United States Of America; 45th President of the United States; Hillary Clinton; Israel; Benjamin Netanyahu,1812
Trump,Egypt,6,Barack Obama; United Kingdom; United States Of America; Iran; Kingdom of Saudi Arabia; Israel,1806
Trump,Ms.Villaflana,6,Kenneth Starr; Alan Dershowitz; Ghislaine Maxwell; Jeffrey Epstein; Alexander Acosta; Jane Does,1788
Bradley Edwards,Eva Dubin,12,Nadia Marcinkova; Alison J. Nathan; Sarah Kellen; Trump; Jeffrey S. Pagliuca; Virginia Giuffre; Larry Visoski; Larry Morrison; Jeffrey Epstein; David Copperfield,1788
Ghislaine Maxwell,Paul M. Daugerdas,5,"Theresa Trzaskoma; William H. Pauley, III; David K. Parse; Susan Elizabeth Brune; Sterntheim",1770
Trump,Boris Nikolic,6,"Steve Bannon; Andrew, Duke of York; Hillary Clinton; Richard Kahn; Lesley Groff; Jeffrey Epstein",1770
Trump,Scott W. Rothstein,6,"United States Of America; Andrew, Duke of York; Bradley Edwards; Hillary Clinton; Jeffrey Epstein; EB-5 investors group",1758
Ghislaine Maxwell,Syria,5,Barack Obama; United States Of America; Hillary Clinton; Ehud Barak; Trump,1755
Ghislaine Maxwell,Barry Krischer,5,Joseph Recarey; Palm Beach Police Department; Ms.Villaflana; Alan Dershowitz; Jeffrey Epstein,1750
Ghislaine Maxwell,(b)(6); (b)(7)(C),5,"Richard Berman; Inmate Reyes, Efrain; Lamine N'DiayeLee Plourde; Bradley Edwards; Jeffrey Epstein",1750
Trump,Palestinians,6,Barack Obama; White House; United Nations; Hillary Clinton; Israel; Benjamin Netanyahu,1746
Ghislaine Maxwell,Bashar al-Assad,5,Barack Obama; United States Of America; Hillary Clinton; Ehud Barak; Madeleine Albright,1745
Ghislaine Maxwell,Jeffrey J. Sloman,5,Jay Lefkowitz; Ms.Villaflana; Jeffrey Epstein; Alexander Acosta; Jane Does,1730
Ghislaine Maxwell,Mohammed bin Salman,5,United States Of America; Michael Wolff; Court; Jeffrey Epstein; Trump,1730
Virginia Giuffre,Darren K. Indyke,13,Jean-Luc Brunel; Juan Alessi; Alison J. Nathan; Sarah Kellen; Hillary Clinton; Daily Mail Online; Alan Dershowitz; Eva Dubin; Jeffrey Epstein; Sharon Churcher,1729
Ghislaine Maxwell,Shirley V. Skibber-Scott,5,"Richard Berman; Chief Psychologist; Inmate Reyes, Efrain; Lamine N'DiayeLee Plourde; Jeffrey Epstein",1720
Hillary Clinton,Vladimir Putin,10,Barack Obama; United States Of America; John McCain; Dominique Strauss-Kahn; Desiree Washington; Paul Krassner; Michael Wolff; Ehud Barak; Jeffrey Epstein; Trump,1720
Ghislaine Maxwell,Tom Barrack,5,Trump; Michael Wolff; Ehud Barak; Jeffrey Epstein; Larry Summers,1715
Ghislaine Maxwell,Chris C. Gair,5,"Theresa Trzaskoma; William H. Pauley, III; David K. Parse; Susan Elizabeth Brune; Sterntheim",1715
Ghislaine Maxwell,Xi Jinping,5,"Barack Obama; United States Of America; Diners Club, Inc.; Jeffrey Epstein; Trump",1710
Ghislaine Maxwell,Peter Thiel,5,Jeffrey Epstein's residence; Richard Kahn; Lesley Groff; Jeffrey Epstein; Trump,1710
Ghislaine Maxwell,Alice Fisher,5,Jay Lefkowitz; Darren K. Indyke; Ms.Villaflana; Jeffrey Epstein; Alexander Acosta,1705
Ghislaine Maxwell,Robert Lawrence Kuhn,5,United States Of America; State Of New York; Jeffrey Epstein; New York (E.D.N.Y.); Trump,1705
Sarah Kellen,Richard Kahn,11,"Juan Alessi; Darren K. Indyke; Andrew, Duke of York; Larry Visoski; Bradley Edwards; Hillary Clinton; Alan Dershowitz; Lesley Groff; Jeffrey Epstein; Ghislaine Maxwell",1683
Barack Obama,Yitzhak Rabin,12,Unknown Israeli political leader; Syria; United States Of America; Palestinians; Shimon Peres; Bush; Hillary Clinton; Hussein of Jordan; Alan Dershowitz; Ehud Barak,1680
United States Of America,Desiree Washington,12,International Monetary Fund; Yasser Arafat; Syria; Vladimir Putin; Iran; Egypt; China; Steve Bannon; Hillary Clinton; Turkey,1668
Hillary Clinton,Emmy Tayler,8,"Sarah Kellen; Shelley Lewis; Virginia Giuffre; Andrew, Duke of York; Alan Dershowitz; Jeffrey Epstein; Ghislaine Maxwell; Larry Summers",1664
Steve Bannon,Federal Bureau of Investigation Forensics Laboratory,12,"Trump campaign; James Comey; Jared Kushner; Vladimir Putin; Lieutenant General Michael T. Flynn; Paul Manafort; Charlie Rose; House Judiciary Committee; Rosenstein, Rob; Jeffrey Epstein",1656
Bradley Edwards,Larry Summers,12,United States Of America; Sarah Kellen; Trump; Mark Epstein; Leslie Wexner; Larry Visoski; Hillary Clinton; Alan Dershowitz; Larry Morrison; Jeffrey Epstein,1656
United States Of America,Michael Wolff,10,Mohammed bin Salman; Vladimir Putin; Kathryn Ruemmler; Steve Bannon; Kingdom of Saudi Arabia; Hillary Clinton; Alan Dershowitz; Jeffrey Epstein; Ghislaine Maxwell; Trump,1650
Hillary Clinton,Court,9,Alan Dershowitz; Sarah Kellen; Virginia Giuffre; Bradley Edwards; Sigrid McCawley; Scott W. Rothstein; Louis Freeh; Jeffrey Epstein; Ghislaine Maxwell,1647
Hillary Clinton,Larry Morrison,9,"Andrea Mitrovich; Sarah Kellen; Andrew, Duke of York; Larry Visoski; Bradley Edwards; Jeffrey Epstein; Adriana Ross; Ghislaine Maxwell; Larry Summers",1647
Alan Dershowitz,Landon Thomas Jr.,9,"Raw Story; Jay Lefkowitz; Andrew, Duke of York; Kenneth Starr; Michael Wolff; David Boies; New York Times; Jeffrey Epstein; Trump",1638
Steve Bannon,United States Congress,12,James Comey; Mike Pence; White House; United States Of America; Republican Party; Kingdom of Saudi Arabia; Robert Mueller; Paul Ryan; Jeffrey Epstein; Michael Cohen,1632
Bradley Edwards,Reid Weingarten,12,Florida; Alison J. Nathan; Maurene Ryan Coney; United States Of America; Jeffrey S. Pagliuca; Stanley Pottinger; Alfredo Rodriguez; Court; David Boies; Jeffrey Epstein,1632
Virginia Giuffre,Larry Summers,12,Al Gore; Unknown recipient; United States Of America; Sarah Kellen; Leslie Wexner; Hillary Clinton; Gwendolyn Beck; Alan Dershowitz; Jeffrey Epstein; Emmy Tayler,1632
Hillary Clinton,Juan Alessi,10,"Darren K. Indyke; Sarah Kellen; Virginia Giuffre; Andrew, Duke of York; Richard Kahn; Alan Dershowitz; Lesley Groff; Jeffrey Epstein; Ghislaine Maxwell; Trump",1630
Alan Dershowitz,Mark Epstein,9,Juan Alessi; David Rodriguez; Darren K. Indyke; Sarah Kellen; Bradley Edwards; Larry Summers; Jeffrey Epstein; Ghislaine Maxwell; Trump,1611
Hillary Clinton,Martin Weinberg,9,Darren K. Indyke; Mr Miles Alexander; Kathryn Ruemmler; Matthew Mosk; Cathy Alexander; Richard Kahn; Alan Dershowitz; Jeffrey Epstein; Ghislaine Maxwell,1611
United States Of America,Richard Kahn,9,Steve Bannon; Bradley Edwards; Noam Chomsky; Hillary Clinton; Alan Dershowitz; Lesley Groff; Jeffrey Epstein; Ghislaine Maxwell; Trump,1611
Ehud Barak,Steve Bannon,8,Boris Nikolic; Vladimir Putin; United States Of America; China; Desiree Washington; Jeffrey Epstein; Benjamin Netanyahu; Larry Summers,1608
Virginia Giuffre,Reid Weingarten,12,Richard Berman; Florida; Alison J. Nathan; United States Of America; Jeffrey S. Pagliuca; Stanley Pottinger; Charlie Rose; Court; David Boies; Jeffrey Epstein,1608
Trump,Laura Menninger,5,"Virginia Giuffre; Andrew, Duke of York; Alan Dershowitz; Jeffrey Epstein; Ghislaine Maxwell",1605
Trump,Sophie Biddle,5,David Rodriguez; Jeffrey Epstein; Ghislaine Maxwell; Leon Black; Eva Dubin,1605
Alan Dershowitz,Lara Elizabeth Pomerantz,8,Farmer; Sarah Ransome; Laura Menninger; Bradley Edwards; Sigrid McCawley; Jeffrey Epstein; Ghislaine Maxwell; Jack Scarola,1600
Alan Dershowitz,United States Congress,8,Barack Obama; Mike Pence; White House; United States Of America; United Nations; Jeffrey Epstein; Benjamin Netanyahu; Trump,1600
Alan Dershowitz,Maurene Ryan Coney,8,Sarah Ransome; Laura Menninger; Bradley Edwards; Sigrid McCawley; Martin Weinberg; Jeffrey Epstein; Ghislaine Maxwell; Jack Scarola,1600
Hillary Clinton,White House,9,Barack Obama; Syria; Monica Lewinsky; Palestinians; Bashar al-Assad; Kathryn Ruemmler; Alan Dershowitz; Jeffrey Epstein; Trump,1593
Trump,Maurene Ryan Coney,5,Bradley Edwards; Reid Weingarten; Jeffrey Epstein; Ghislaine Maxwell; Jack Scarola,1585
Alan Dershowitz,Scott W. Rothstein,9,"United States Of America; law enforcement agencies; Jack Goldberger; Andrew, Duke of York; Bradley Edwards; Hillary Clinton; Court; Jeffrey Epstein; court deposition",1584
Ehud Barak,Kingdom of Saudi Arabia,11,Barack Obama; Syria; United States Of America; Iran; Egypt; Israel; Hezbollah; Jeffrey Epstein; Lebanon; United States Congress,1584
Hillary Clinton,James Patterson,10,"Virginia Giuffre; Vicky Ward; Australia; Leslie Wexner; Andrew, Duke of York; Bradley Edwards; Michael Wolff; Hussein of Jordan; Alan Dershowitz; Jeffrey Epstein",1580
Alan Dershowitz,Kingdom of Saudi Arabia,8,Barack Obama; United States Of America; United States Circuit Court; Michael Wolff; Larry Summers; Jeffrey Epstein; Israel; Trump,1576
Steve Bannon,Tom Barrack,14,Jared Kushner; Corey Lewandowski; White House Chief of Staff; Russia; Republican Party; Sultan Ahmed bin Sulayem; Paul Manafort; Reince Priebus; Michael Wolff; Larry Summers,1568
Hillary Clinton,Alfredo Rodriguez,9,"underage girl; Sarah Kellen; Trump; Andrew, Duke of York; Bradley Edwards; Alan Dershowitz; Jeffrey Epstein; Ghislaine Maxwell; unknown minor",1548
Hillary Clinton,Jack Scarola,9,"Sarah Kellen; Virginia Giuffre; Andrew, Duke of York; Bradley Edwards; Sigrid McCawley; Alan Dershowitz; Jeffrey Epstein; Ghislaine Maxwell; Trump",1548
Virginia Giuffre,Maurene Ryan Coney,12,Richard Berman; Alison J. Nathan; Sarah Ransome; Jane Kate; Jeffrey S. Pagliuca; Laura Menninger; Bradley Edwards; Sigrid McCawley; Jeffrey Epstein; Elizabeth Stein,1548
Steve Bannon,Iran,10,Mike Pence should be replaced by Pompeo; Russia; United States Of America; Middle East; China; Desiree Washington; Kingdom of Saudi Arabia; Jeffrey Epstein; Benjamin Netanyahu; Trump,1540
United States Of America,Larry Visoski,9,Larry Summers; Bradley Edwards; Hillary Clinton; Alan Dershowitz; Lesley Groff; Ehud Barak; Jeffrey Epstein; Ghislaine Maxwell; Trump,1539
Trump,Damian Williams,5,Alfredo Rodriguez; Bradley Edwards; Jeffrey Epstein; Ghislaine Maxwell; Jack Scarola,1530
United States Of America,White House,10,Barack Obama; Mohammed bin Salman; Syria; Bashar al-Assad; Kathryn Ruemmler; Steve Bannon; Alan Dershowitz; Jeffrey Epstein; United States Congress; Trump,1530
United States Of America,State Of New York,11,Virginia Giuffre; Kathryn Ruemmler; Goldman Sachs; Hillary Clinton; Robert Lawrence Kuhn; Alan Dershowitz; Ghislaine Maxwell; Ehud Barak; Jeffrey Epstein; Glenn Greenwald,1529
Edward Snowden,Iran,12,John Kerry; Barack Obama; United States Attorney's Office; Russia; United States Of America; U.S. Administration officials; China; Michael Morell; Jeffrey Epstein; Israel,1524
Hillary Clinton,Egypt,9,Barack Obama; Iran; United States Of America; Hosni Mubarak; Desiree Washington; United States Egypt policy; Muslim Brotherhood; Ehud Barak; Israel,1512
Sarah Kellen,Paul Cassell,11,"Bruce Reinhart; Virginia Giuffre; court proceeding; Andrew, Duke of York; Bradley Edwards; Court; Alan Dershowitz; Ghislaine Maxwell; Jeffrey Epstein; court deposition",1507
United States Of America,"Andrew, Duke of York",9,Alan Dershowitz; Virginia Giuffre; Paul Cassell; Bradley Edwards; Hillary Clinton; Scott W. Rothstein; Jeffrey Epstein; Ghislaine Maxwell; Trump,1494
United States Of America,Jared Kushner,9,United States invasion and occupation of Iraq; Mohammed bin Salman; Xi Jinping; China; Steve Bannon; Kingdom of Saudi Arabia; Larry Summers; Jeffrey Epstein; Trump,1494
Trump,Farmer,5,Virginia Giuffre; Bradley Edwards; Alan Dershowitz; Jeffrey Epstein; Ghislaine Maxwell,1490
Alan Dershowitz,Lawrence Krauss,8,Barack Obama; Hillary Clinton; Michael Wolff; Noam Chomsky; Richard Kahn; Woody Allen; Jeffrey Epstein; Trump,1488
Trump,Sarah Ransome,5,Virginia Giuffre; Alan Dershowitz; Jeffrey Epstein; New York Times; Ghislaine Maxwell,1485
Trump,Mandy Ellison,5,Alan Dershowitz; Eva Dubin; Jeffrey Epstein; Ghislaine Maxwell; Larry Summers,1485
Eva Dubin,Jean-Luc Brunel,13,Nadia Marcinkova; Brent Tindall (Chef); Darren K. Indyke; Sarah Kellen; Virginia Giuffre; Ghislaine Maxwell; Larry Visoski; Larry Morrison; Natalie; Jeffrey Epstein,1482
Trump,Alberto Pinto,5,David Rodriguez; Virginia Giuffre; Didier Cazaudumec; Jeffrey Epstein; Ghislaine Maxwell,1480
Trump,Jeffrey J. Sloman,5,Kenneth Starr; Landon Thomas Jr.; Jeffrey Epstein; Alexander Acosta; Jane Does,1480
Trump,Osama bin Laden,5,Mohammed bin Salman; Barack Obama; United States Of America; Afghanistan; David Ignatius,1480
Bradley Edwards,Alexander Rossmiller,12,Alison J. Nathan; Maurene Ryan Coney; Amanda C. Kracen; Nicole Simmons; Jeffrey S. Pagliuca; Stanley Pottinger; Lara Elizabeth Pomerantz; Andrew Rohrbach; Sigrid McCawley; David Boies,1476
Trump,Andrew Lourie,5,Marie Villafana; Kenneth Starr; Alan Dershowitz; Jeffrey Epstein; Alexander Acosta,1475
Trump,Lynn Forester,5,David Rodriguez; Larry Summers; Jeffrey Epstein; Ghislaine Maxwell; Eva Dubin,1475
Alan Dershowitz,Syria,8,Barack Obama; White House; United States Of America; Hillary Clinton; Yitzhak Rabin; Israel; Benjamin Netanyahu; Trump,1472
Trump,Gerald Lefcourt,5,Marie Villafana; Paul Krassner; Alan Dershowitz; Jeffrey Epstein; Alexander Acosta,1470
Hillary Clinton,Mark Epstein,9,David Rodriguez; Darren K. Indyke; Sarah Kellen; Bradley Edwards; Larry Summers; Lesley Groff; Jeffrey Epstein; Ghislaine Maxwell; Trump,1467
Steve Bannon,Edward Snowden,9,"Russia; Vladimir Putin; United States Of America; China; Facebook, Inc.; House Judiciary Committee; Jeffrey Epstein; media organizations; Trump",1467
Trump,Glenn Greenwald,5,Barack Obama; United States Of America; State Of New York; New York Times; Edward Snowden,1465
Trump,Unknown Israeli political leader,5,Barack Obama; United States Of America; Iran; Hillary Clinton; Kingdom of Saudi Arabia,1460
Trump,Ehud Olmert,5,Mahmoud Abbas; Alan Dershowitz; Jeffrey Epstein; Israel; Benjamin Netanyahu,1460
Hillary Clinton,Noam Chomsky,9,Lawrence Krauss; Iran; United States Of America; Richard Kahn; Alan Dershowitz; Lesley Groff; Ehud Barak; Jeffrey Epstein; Trump,1458
Trump,Alice Fisher,5,Darren K. Indyke; Kenneth Starr; Jeff Sessions; Jeffrey Epstein; Alexander Acosta,1455
Trump,Hezbollah,5,European Union; Syria; Iran; Kingdom of Saudi Arabia; Israel,1455
Trump,Celina Midelfart,5,David Rodriguez; Didier Cazaudumec; Alan Dershowitz; Jeffrey Epstein; Eva Dubin,1455
Trump,Matthew I. Menchel,5,Marie Villafana; Alan Dershowitz; Lesley Groff; Jeffrey Epstein; Alexander Acosta,1450
Hillary Clinton,Al Gore,9,Mr Miles Alexander; Virginia Giuffre; Elisa New; Poetry in America; Cathy Alexander; Larry Summers; Jeffrey Epstein; Ghislaine Maxwell; filmed conversation,1449
Ghislaine Maxwell,Shimon Peres,4,Barack Obama; Ehud Barak; Hillary Clinton; United States Of America,1440
Ghislaine Maxwell,Paul Krassner,4,Barack Obama; Jeffrey Epstein; Hillary Clinton; Trump,1436
Hillary Clinton,Ehud Olmert,9,Unknown Israeli political leader; Palestinians; Bashar al-Assad; Shimon Peres; Alan Dershowitz; Ehud Barak; Jeffrey Epstein; Israel; Benjamin Netanyahu,1431
Barack Obama,State Of New York,11,Kathryn Ruemmler; Preet Bharara; Quincy Jones; Hillary Clinton; Alan Dershowitz; Abdullah II; Ehud Barak; Jeffrey Epstein; Glenn Greenwald; Ghislaine Maxwell,1430
Alison J. Nathan,"Andrew, Duke of York",10,Juan Alessi; Virginia Giuffre; Alfredo Rodriguez; Laura Menninger; Bradley Edwards; Scotty David; Richard Kahn; Jeffrey Epstein; Ghislaine Maxwell; Jack Scarola,1430
Bradley Edwards,Juan Alessi,13,"Alison J. Nathan; Jane Does; Sarah Kellen; Virginia Giuffre; Jeffrey S. Pagliuca; Mark Epstein; Andrew, Duke of York; Richard Kahn; Alan Dershowitz; Lesley Groff",1430
Alan Dershowitz,Sophie Biddle,7,Joel Pashcow; David Rodriguez; Robin Plant; Celina Midelfart; Jeffrey Epstein; Emmy Tayler; Ghislaine Maxwell,1428
Ghislaine Maxwell,Yitzhak Rabin,4,Ehud Barak; Hillary Clinton; United States Of America; Alan Dershowitz,1424
Alan Dershowitz,Bill Hammond,8,Nadia Marcinkova; Sarah Kellen; Larry Visoski; Adriana Ross; Tatiana Kovylina; Jeffrey Epstein; Ghislaine Maxwell; Larry Summers,1424
United States Of America,U.S. Department of Justice (DOJ),9,Nsa; Harry Reems; Kathryn Ruemmler; Paul Cassell; Bradley Edwards; Edward Snowden; Jeffrey Epstein; United States Congress; Trump,1422
Ghislaine Maxwell,Lieutenant General Michael T. Flynn,4,Reid Weingarten; Jeffrey Epstein; Court; Trump,1420
Ghislaine Maxwell,Russia,4,Barack Obama; Jeffrey Epstein; United States Of America; Trump,1412
Ghislaine Maxwell,Yasser Arafat,4,Ehud Barak; Madeleine Albright; Hillary Clinton; United States Of America,1408
Barack Obama,Michael Wolff,9,Vladimir Putin; Kathryn Ruemmler; Kingdom of Saudi Arabia; Hillary Clinton; Alan Dershowitz; Lawrence Krauss; Jeffrey Epstein; Ghislaine Maxwell; Trump,1404
Ghislaine Maxwell,Shiechtman,4,"William H. Pauley, III; David K. Parse; Theresa Trzaskoma; Susan Elizabeth Brune",1400
Virginia Giuffre,Larry Visoski,10,"Jean-Luc Brunel; Sarah Kellen; Andrew, Duke of York; Bradley Edwards; Hillary Clinton; Alan Dershowitz; Eva Dubin; Jeffrey Epstein; Ghislaine Maxwell; Trump",1400
Ghislaine Maxwell,"Paul H. Schoeman, Esq.",4,"William H. Pauley, III; David K. Parse; Theresa Trzaskoma; Susan Elizabeth Brune",1396
Ghislaine Maxwell,Laurie Edelstein,4,"William H. Pauley, III; David K. Parse; Theresa Trzaskoma; Susan Elizabeth Brune",1396
Alan Dershowitz,Alice Fisher,8,Jay Lefkowitz; Darren K. Indyke; Jack Goldberger; Ms.Villaflana; Kenneth Starr; Andrew Lourie; Jeffrey Epstein; Alexander Acosta,1392
Alan Dershowitz,Palestinians,8,Barack Obama; White House; United Nations; Hillary Clinton; Yitzhak Rabin; Israel; Benjamin Netanyahu; Ehud Olmert,1392
Virginia Giuffre,Joseph Recarey,12,Juan Alessi; Jeffrey Epstein's residence; Sarah Kellen; Jeffrey S. Pagliuca; Jack Goldberger; Palm Beach Police Department; Laura Menninger; Sigrid McCawley; Court; Alan Dershowitz,1392
Bradley Edwards,Martin Weinberg,11,Alison J. Nathan; Maurene Ryan Coney; plea agreement; Jeffrey S. Pagliuca; Mr Miles Alexander; Kenneth Marra; Richard Kahn; Alan Dershowitz; Ghislaine Maxwell; Jeffrey Epstein,1386
Hillary Clinton,New York Times,8,Kenneth Starr; Michael Wolff; Paul Krassner; Alan Dershowitz; Richard Kahn; John Roth; Jeffrey Epstein; Trump,1384
Virginia Giuffre,Nadia Marcinkova,10,"Jean-Luc Brunel; Sarah Kellen; Palm Beach Police Department; Andrew, Duke of York; Gary Roxburgh; Bradley Edwards; Alan Dershowitz; Jeffrey Epstein; Ghislaine Maxwell; Eva Dubin",1380
Ghislaine Maxwell,Nanette L. Davis,4,Paul Shechtman; David K. Parse; Theresa Trzaskoma; Susan Elizabeth Brune,1372
Ghislaine Maxwell,Laura Poitras,4,Jeffrey Epstein; United States Attorney's Office; United States Of America; New York (E.D.N.Y.),1372
Ehud Barak,Bradley Edwards,7,Jean-Luc Brunel; United States Of America; Larry Visoski; Hillary Clinton; Ghislaine Maxwell; Jeffrey Epstein; David Copperfield,1372
Ghislaine Maxwell,Michael Reiter,4,Palm Beach Police Department; Jeffrey Epstein; Joseph Recarey; Alan Dershowitz,1368
Ghislaine Maxwell,Woody Allen,4,"Andrew, Duke of York; Jeffrey Epstein; Michael Wolff; Alan Dershowitz",1368
Ehud Barak,Virginia Giuffre,7,Jean-Luc Brunel; United States Of America; Hillary Clinton; State Of New York; Ghislaine Maxwell; Jeffrey Epstein; David Copperfield,1358
Alan Dershowitz,Shimon Peres,7,Barack Obama; United States Of America; Hillary Clinton; Yitzhak Rabin; Israel; Benjamin Netanyahu; Ehud Olmert,1351
Iran,Syria,16,Barack Obama; Russia; Bob Blackwill; United States Of America; Desiree Washington; Bashar al-Assad; China; Turkey; Dennis Ross; Hillary Clinton,1344
Virginia Giuffre,Michael Wolff,10,"Jeffrey Epstein's residence; James Patterson; Charlie Rose; Andrew, Duke of York; Hillary Clinton; Alan Dershowitz; Jeffrey Epstein; Ghislaine Maxwell; media organizations; Trump",1340
Hillary Clinton,Former Senator George Mitchell,8,Barack Obama; David Rodriguez; Seminar-POWER; Leslie Wexner; Joe Biden; Dennis Ross; Jeffrey Epstein; Ghislaine Maxwell,1336
Bradley Edwards,Sarah Ransome,12,Farmer; Alison J. Nathan; Maurene Ryan Coney; Virginia Giuffre; Lara Elizabeth Pomerantz; Damian Williams; Andrew Rohrbach; Sigrid McCawley; David Boies; Alan Dershowitz,1332
Virginia Giuffre,Richard Kahn,9,"Juan Alessi; Alison J. Nathan; Andrew, Duke of York; Bradley Edwards; Hillary Clinton; Alan Dershowitz; Jeffrey Epstein; Ghislaine Maxwell; Trump",1332
Alan Dershowitz,Damian Williams,7,Sarah Ransome; Alfredo Rodriguez; Laura Menninger; Bradley Edwards; Jeffrey Epstein; Ghislaine Maxwell; Jack Scarola,1323
Hillary Clinton,Reid Weingarten,7,Barack Obama; Unknown subject; United States Of America; Kathryn Ruemmler; Jeffrey Epstein; Ghislaine Maxwell; Trump,1323
Alan Dershowitz,Andrew Rohrbach,7,Sarah Ransome; Laura Menninger; Bradley Edwards; Sigrid McCawley; Jeffrey Epstein; Ghislaine Maxwell; Jack Scarola,1316
Alan Dershowitz,George H.W. Bush,7,Barack Obama; United States Of America; Paul Cassell; Kenneth Starr; Ronald Reagan; Jeffrey Epstein; Ehud Olmert,1316
Alan Dershowitz,Lieutenant General Michael T. Flynn,7,Mike Pence; White House; House Judiciary Committee; Federal Bureau of Investigation Forensics Laboratory; Court; Jeffrey Epstein; Trump,1316
Hillary Clinton,Jane Does,8,Darren K. Indyke; Sarah Kellen; Bradley Edwards; California; Richard Kahn; Jeffrey Epstein; Ghislaine Maxwell; Trump,1312
Hillary Clinton,media organizations,8,Sarah Kellen; Virginia Giuffre; Kenneth Starr; Michael Wolff; Alan Dershowitz; Jeffrey Epstein; Ghislaine Maxwell; Trump,1312
Emmy Tayler,David Rodriguez,12,Larry Summers; Sophie Biddle; Alberto Pinto; Jonathan Mano; Shelley Lewis; Sarah Kellen; Doug Schoettle; Gwendolyn Beck; Alan Dershowitz; Jeffrey Epstein,1308
United States Of America,House Judiciary Committee,9,Nsa; Richard Nixon; Steve Bannon; Medicare Part D prescription drug program; Director Nisbet; Alan Dershowitz; Edward Snowden; Jeffrey Epstein; Trump,1305
Trump,Richard Berman,4,Reid Weingarten; Jeffrey Epstein; Virginia Giuffre; Ghislaine Maxwell,1304
United States Of America,Federal Bureau of Investigation Forensics Laboratory,8,Vladimir Putin; Nsa; Harry Reems; Virginia Giuffre; Alan Dershowitz; Edward Snowden; Jeffrey Epstein; Trump,1296
United States Of America,Leslie Wexner,9,Larry Summers; Virginia Giuffre; Paul Cassell; Bradley Edwards; Hillary Clinton; Alan Dershowitz; Jeffrey Epstein; Ghislaine Maxwell; Trump,1296
Alan Dershowitz,Elisa New,7,Harvard University; Hillary Clinton; Michael Wolff; Woody Allen; Jeffrey Epstein; Harvard Law School; Larry Summers,1295
Hillary Clinton,Alexander Acosta,7,Jeffrey Epstein's lawyer; Kenneth Starr; Bradley Edwards; Alan Dershowitz; Jeffrey Epstein; Ghislaine Maxwell; Trump,1295
United States Of America,Alison J. Nathan,6,Jane Doe No. 4; Virginia Giuffre; Bradley Edwards; Reid Weingarten; Jeffrey Epstein; Ghislaine Maxwell,1290
Hillary Clinton,United States Congress,7,Barack Obama; United States Of America; Robert Gates; Ehud Barak; Jeffrey Epstein; Benjamin Netanyahu; Trump,1288
Virginia Giuffre,Andrew Rohrbach,11,Alison J. Nathan; Sarah Ransome; Jane Kate; Jeffrey S. Pagliuca; Laura Menninger; Bradley Edwards; Sigrid McCawley; Jeffrey Epstein; Elizabeth Stein; Ghislaine Maxwell,1287
Eva Dubin,Larry Summers,12,David Rodriguez; Emmy Tayler; Mandy Ellison; Sarah Kellen; Trump; Larry Visoski; Gwendolyn Beck; Larry Morrison; Jeffrey Epstein; Lynn Forester,1284
Richard Berman,Bobbi C. Sternheim,15,Alison J. Nathan; Maurene Ryan Coney; Alexander Rossmiller; David Oscar Markus; Colleen McMahon; Audrey Strauss; Sheldon Barr; Jeffrey S. Pagliuca; Christian R. Everdell; Laura Menninger,1275
Hillary Clinton,U.S. Department of Justice (DOJ),7,Secretary of State; Kathryn Ruemmler; Bradley Edwards; Kenneth Starr; Richard Kahn; Jeffrey Epstein; Trump,1274
Hillary Clinton,Woody Allen,8,"Elisa New; Poetry in America; Andrew, Duke of York; Michael Wolff; Alan Dershowitz; Lawrence Krauss; Jeffrey Epstein; filmed conversation",1272
Trump,Lara Elizabeth Pomerantz,4,Jeffrey Epstein; Bradley Edwards; Ghislaine Maxwell; Jack Scarola,1268
Barack Obama,New York Times,9,David Brooks; Paul Krugman; Paul Krassner; Alan Dershowitz; Edward Snowden; Reid Weingarten; Jeffrey Epstein; Glenn Greenwald; Trump,1260
Barack Obama,Ehud Olmert,10,Unknown Israeli political leader; Palestinians; George H.W. Bush; Bashar al-Assad; Shimon Peres; Alan Dershowitz; Ehud Barak; Jeffrey Epstein; Israel; Benjamin Netanyahu,1260
Barack Obama,Jared Kushner,8,United States invasion and occupation of Iraq; White House; Xi Jinping; China; Kingdom of Saudi Arabia; Larry Summers; Jeffrey Epstein; Trump,1256
Ehud Barak,Lesley Groff,8,Boris Nikolic; United States Of America; Larry Visoski; Hillary Clinton; Noam Chomsky; Jeffrey Epstein; Ghislaine Maxwell; Larry Summers,1256
Alan Dershowitz,Mohammed bin Salman,7,White House; United States Of America; United States Circuit Court; Michael Wolff; Court; Jeffrey Epstein; Trump,1253
Virginia Giuffre,Lesley Groff,9,Juan Alessi; United States Of America; Sarah Kellen; Trump; Bradley Edwards; Hillary Clinton; Jeffrey Epstein; Ghislaine Maxwell; Eva Dubin,1251
Bradley Edwards,Jay Lefkowitz,10,U.S. Department of Justice (DOJ); Marie Villafana; Kenneth Marra; Richard Kahn; Ruth Pickholz; Alan Dershowitz; AUSA Villafafia; Ghislaine Maxwell; Jeffrey Epstein; Alexander Acosta,1240
Ehud Barak,Turkey,10,Israeli generals and government; Syria; Iran; United States Of America; Desiree Washington; Avigdor Lieberman; Dennis Ross; Hillary Clinton; Jeffrey Epstein; Israel,1230
Hillary Clinton,Palm Beach Police Department,7,underage girl; Virginia Giuffre; Bradley Edwards; Alan Dershowitz; Jeffrey Epstein; Ghislaine Maxwell; unknown minor,1225
Barack Obama,Yasser Arafat,9,United States Of America; George H.W. Bush; Shimon Peres; Tunisia; 45th President of the United States; Hillary Clinton; Ehud Barak; Israel; Benjamin Netanyahu,1224
Alison J. Nathan,Court,9,Bill Cosby; Virginia Giuffre; Laura Menninger; Bradley Edwards; Sigrid McCawley; Reid Weingarten; Jeffrey Epstein; Ghislaine Maxwell; Jack Scarola,1224
Jean-Luc Brunel,"Andrew, Duke of York",12,Boris Nikolic; underage girl; Nadia Marcinkova; Sarah Kellen; Virginia Giuffre; Larry Visoski; Bradley Edwards; Larry Morrison; Jeffrey Epstein; Emmy Tayler,1224
Trump,Andrew Rohrbach,4,Jeffrey Epstein; Bradley Edwards; Ghislaine Maxwell; Jack Scarola,1220
Ehud Barak,Unknown Israeli political leader,10,Israeli generals and government; Barack Obama; Iran; United States Of America; Palestinians; Shimon Peres; Hillary Clinton; Yitzhak Rabin; Hezbollah; Ehud Olmert,1220
Alan Dershowitz,David Copperfield,7,Darren K. Indyke; Virginia Giuffre; Alfredo Rodriguez; Leslie Wexner; Bradley Edwards; Jeffrey Epstein; Ghislaine Maxwell,1218
Hillary Clinton,Jack Goldberger,7,Sarah Kellen; Virginia Giuffre; Scott W. Rothstein; Kenneth Starr; Alan Dershowitz; Jeffrey Epstein; unknown minor,1218
Ehud Barak,Edward Snowden,7,Barack Obama; Vladimir Putin; United States Of America; China; Unknown Saudi journalist; Jeffrey Epstein; Israel,1218
United States Of America,Ehud Olmert,9,Unknown Israeli political leader; George H.W. Bush; Bashar al-Assad; Shimon Peres; Alan Dershowitz; Ehud Barak; Jeffrey Epstein; Israel; Benjamin Netanyahu,1215
Sarah Kellen,Sigrid McCawley,9,Joseph Recarey; Virginia Giuffre; Bradley Edwards; Hillary Clinton; Court; Alan Dershowitz; Jeffrey Epstein; Ghislaine Maxwell; Jack Scarola,1215
Trump,Andrea Mitrovich,4,Larry Visoski; Jeffrey Epstein; Hillary Clinton; Ghislaine Maxwell,1212
Virginia Giuffre,Alexander Rossmiller,10,Richard Berman; Alison J. Nathan; Amanda C. Kracen; Jeffrey S. Pagliuca; Stanley Pottinger; Laura Menninger; Sigrid McCawley; David Boies; Jeffrey Epstein; Ghislaine Maxwell,1210
Trump,Gary Roxburgh,4,Jeffrey Epstein; Virginia Giuffre; Ghislaine Maxwell; Eva Dubin,1208
Jeffrey S. Pagliuca,Audrey Strauss,17,Alison J. Nathan; Paul A. Engel Mayer; Richard Berman; Alexander Rossmiller; Maurene Ryan Coney; David Oscar Markus; Christian R. Everdell; Lara Elizabeth Pomerantz; Damian Williams; Andrew Rohrbach,1207
United States Of America,Hezbollah,9,Unknown Israeli political leader; Ayatollah Ali Khamenei; Syria; Iran; Bashar al-Assad; Shimon Peres; Ehud Barak; Kingdom of Saudi Arabia; Israel,1206
Trump,Cindy Lopez (Buklarewicz),4,David Rodriguez; Jeffrey Epstein; Hillary Clinton; Ghislaine Maxwell,1200
Trump,Brent Tindall (Chef),4,Larry Visoski; Jeffrey Epstein; Ghislaine Maxwell; Eva Dubin,1200
Barack Obama,Bradley Edwards,6,United States Of America; Hillary Clinton; Alan Dershowitz; Jeffrey Epstein; Ghislaine Maxwell; Trump,1200
Hillary Clinton,Joseph Recarey,7,underage girl; David Rodriguez; Sarah Kellen; Sigrid McCawley; Alan Dershowitz; Jeffrey Epstein; Ghislaine Maxwell,1197
Barack Obama,United States Attorney's Office,9,Patient Protection and Affordable Care Act; Iran; Kevin G. Nealer; Alan Dershowitz; Osama bin Laden; Edward Snowden; Jeffrey Epstein; Ghislaine Maxwell; American Recovery and Reinvestment Act,1197
Ehud Barak,Sarah Kellen,6,Jean-Luc Brunel; Larry Visoski; Hillary Clinton; Jeffrey Epstein; Ghislaine Maxwell; Larry Summers,1194
Trump,David Oscar Markus,4,Gloria Allred; Reid Weingarten; Jeffrey Epstein; Ghislaine Maxwell,1192
Trump,Teala Davies,4,Larry Visoski; Jeffrey Epstein; Ghislaine Maxwell; Eva Dubin,1192
Hillary Clinton,Russia,7,Barack Obama; Syria; United States Of America; Iran; Sergey Lavrov; Jeffrey Epstein; Trump,1190
Barack Obama,Richard Kahn,7,Clarisse Thorn; Hillary Clinton; Alan Dershowitz; Lawrence Krauss; Jeffrey Epstein; Ghislaine Maxwell; Trump,1190
Barack Obama,Virginia Giuffre,6,United States Of America; Hillary Clinton; Alan Dershowitz; Jeffrey Epstein; Ghislaine Maxwell; Trump,1188
Virginia Giuffre,David Rodriguez,9,Alberto Pinto; Sarah Kellen; Hillary Clinton; Gwendolyn Beck; Alan Dershowitz; Eva Dubin; Jeffrey Epstein; Ghislaine Maxwell; Trump,1188
Hillary Clinton,Gary Roxburgh,7,Andrea Mitrovich; Sarah Kellen; Shelley Lewis; Virginia Giuffre; Cindy Lopez (Buklarewicz); Jeffrey Epstein; Ghislaine Maxwell,1183
Trump,Bill Hammond,4,Larry Visoski; Jeffrey Epstein; Ghislaine Maxwell; Larry Summers,1180
Bradley Edwards,Joseph Recarey,10,underage girl; Sarah Kellen; Jeffrey S. Pagliuca; Alfredo Rodriguez; Palm Beach Police Department; Sigrid McCawley; Court; Alan Dershowitz; Jeffrey Epstein; Ghislaine Maxwell,1180
Virginia Giuffre,Damian Williams,10,Alison J. Nathan; Sarah Ransome; Jane Kate; Jeffrey S. Pagliuca; Laura Menninger; Bradley Edwards; Jeffrey Epstein; Elizabeth Stein; Ghislaine Maxwell; Jack Scarola,1180
Alison J. Nathan,Lesley Groff,8,Juan Alessi; Darren K. Indyke; Michelle Michelle; Bradley Edwards; Richard Kahn; Jeffrey Epstein; Ghislaine Maxwell; Eva Dubin,1176
Lesley Groff,"Andrew, Duke of York",12,Boris Nikolic; Nadia Marcinkova; underage girl; Juan Alessi; Sarah Kellen; Larry Visoski; Bradley Edwards; Richard Kahn; Hillary Clinton; Jeffrey Epstein,1176
Trump,Laura Poitras,4,United States Of America; Edward Snowden; Jeffrey Epstein; The Cincinnati Post,1172
Trump,Shelley Lewis,4,David Rodriguez; Jeffrey Epstein; Hillary Clinton; Ghislaine Maxwell,1172
Barack Obama,Desiree Washington,9,Syria; Vladimir Putin; Iran; North Korea; Egypt; China; Hillary Clinton; Ehud Barak; long-range rockets to Hamas,1170
Virginia Giuffre,Alexander Acosta,9,James Patterson; Jeffrey Epstein's lawyer; Palm Beach Police Department; Miami Herald Media Company; Bradley Edwards; Alan Dershowitz; Jeffrey Epstein; Ghislaine Maxwell; Trump,1170
Trump,Tatiana Kovylina,4,Larry Visoski; Jeffrey Epstein; Ghislaine Maxwell; Alan Dershowitz,1168
Trump,Clare Hazell-Iveagh,4,Jeffrey Epstein; Ghislaine Maxwell; Didier Cazaudumec; Alan Dershowitz,1168
Trump,Tim Ferriss,4,Japan; Jeffrey Epstein; California; United States Of America,1168
Steve Bannon,Lesley Groff,8,Boris Nikolic; Peter Thiel; United States Of America; Richard Kahn; Larry Summers; Jeffrey Epstein; Nicholas Ribis; Trump,1168
Jean-Luc Brunel,Lesley Groff,11,Boris Nikolic; underage girl; Nadia Marcinkova; Darren K. Indyke; Sarah Kellen; Larry Visoski; Michelle Michelle; Nicole Junkermann; Bradley Edwards; Jeffrey Epstein,1166
Trump,Harvard University,4,Jeffrey Epstein; Joi Ito; Supreme Court; Alan Dershowitz,1164
Trump,Robert Glassman,4,Jeffrey Epstein; Bradley Edwards; Ghislaine Maxwell; Jack Scarola,1164
Hillary Clinton,long-range rockets to Hamas,7,Barack Obama; Iran; Desiree Washington; Hafez al-Assad; Ehud Barak; Israel; Benjamin Netanyahu,1162
Barack Obama,Noam Chomsky,9,Joscha Bach; Lawrence Krauss; Iran; United States Of America; Trump; Alan Dershowitz; Ehud Barak; Jeffrey Epstein; Strange Bedfellows Episode 1,1161
Hillary Clinton,Farmer,7,Virginia Giuffre; Bradley Edwards; Sigrid McCawley; Alan Dershowitz; Jeffrey Epstein; Ghislaine Maxwell; unknown minor,1155
Alan Dershowitz,Alexander Rossmiller,6,Laura Menninger; Sigrid McCawley; David Boies; Martin Weinberg; Jeffrey Epstein; Ghislaine Maxwell,1152
Hillary Clinton,Jeffrey S. Pagliuca,6,Casey/Caroline; Virginia Giuffre; Bradley Edwards; Sigrid McCawley; Jeffrey Epstein; Ghislaine Maxwell,1152
Emmy Tayler,Nadia Marcinkova,10,"Jean-Luc Brunel; Gary Blackwell (Pilot); Sarah Kellen; Andrew, Duke of York; Gary Roxburgh; Alan Dershowitz; Jeffrey Epstein; Ghislaine Maxwell; Teala Davies; Eva Dubin",1150
United States Of America,Darren K. Indyke,7,Kathryn Ruemmler; Hillary Clinton; Alan Dershowitz; Lesley Groff; Jeffrey Epstein; Ghislaine Maxwell; Trump,1148
Hillary Clinton,Jared Kushner,6,United States invasion and occupation of Iraq; Richard Kahn; Michael Wolff; Larry Summers; Jeffrey Epstein; Trump,1140
United States Of America,long-range rockets to Hamas,8,Barack Obama; Iran; Saudi American Bank; Egypt; Qatar; Ehud Barak; Israel; Benjamin Netanyahu,1136
Hillary Clinton,Bill Hammond,7,Andrea Mitrovich; Sarah Kellen; Larry Visoski; Jeffrey Epstein; Adriana Ross; Ghislaine Maxwell; Larry Summers,1134
Barack Obama,Larry Visoski,7,Larry Summers; Hillary Clinton; Alan Dershowitz; Ehud Barak; Jeffrey Epstein; Ghislaine Maxwell; Trump,1134
Alan Dershowitz,Vladimir Putin,6,Barack Obama; United States Of America; Federal Bureau of Investigation Forensics Laboratory; Michael Wolff; Jeffrey Epstein; Trump,1128
Hillary Clinton,Laura Menninger,6,"Virginia Giuffre; Andrew, Duke of York; Sigrid McCawley; Alan Dershowitz; Jeffrey Epstein; Ghislaine Maxwell",1128
Hillary Clinton,Ariel Sharon,7,Yasser Arafat; Shlomo Ben-Ami; Shimon Peres; Benjamin Netanyahu; Ehud Barak; Israel; Yasir Arafat,1127
United States Of America,Sigrid McCawley,7,Virginia Giuffre; Paul Cassell; Bradley Edwards; Hillary Clinton; Alan Dershowitz; Jeffrey Epstein; Ghislaine Maxwell,1127
Barack Obama,Lesley Groff,7,United States Of America; Hillary Clinton; Larry Summers; Lawrence Krauss; Jeffrey Epstein; Ghislaine Maxwell; Trump,1127
Barack Obama,Hezbollah,9,Unknown Israeli political leader; Syria; Iran; Bashar al-Assad; Shimon Peres; Ehud Barak; Kingdom of Saudi Arabia; Israel; long-range rockets to Hamas,1125
Sarah Kellen,Palm Beach Police Department,9,Nadia Marcinkova; underage girl; Joseph Recarey; Virginia Giuffre; Alfredo Rodriguez; Bradley Edwards; Alan Dershowitz; Jeffrey Epstein; Ghislaine Maxwell,1125
Bradley Edwards,Bobbi C. Sternheim,9,Alison J. Nathan; Maurene Ryan Coney; Jeffrey S. Pagliuca; Lara Elizabeth Pomerantz; Damian Williams; Andrew Rohrbach; Sigrid McCawley; Jeffrey Epstein; Ghislaine Maxwell,1125
Richard Kahn,Alexander Acosta,11,Jane Does; U.S. Department of Justice (DOJ); Jay Lefkowitz; Harry Beller; Bradley Edwards; Alan Dershowitz; Trump administration; Martin Weinberg; Jeffrey Epstein; Ghislaine Maxwell,1122
Alan Dershowitz,Nsa,6,Barack Obama; United States Of America; House Judiciary Committee; Federal Bureau of Investigation Forensics Laboratory; Ronald Reagan; Jeffrey Epstein,1116
Alan Dershowitz,Andrea Mitrovich,6,Nadia Marcinkova; Sarah Kellen; Larry Visoski; Hillary Clinton; Jeffrey Epstein; Ghislaine Maxwell,1116
Hillary Clinton,Federal Bureau of Investigation Forensics Laboratory,6,Virginia Giuffre; Paul Krassner; Christopher Steele; Alan Dershowitz; Jeffrey Epstein; Trump,1116
Bradley Edwards,Christian R. Everdell,9,Alison J. Nathan; Maurene Ryan Coney; Jeffrey S. Pagliuca; Lara Elizabeth Pomerantz; Damian Williams; Andrew Rohrbach; Sigrid McCawley; Jeffrey Epstein; Ghislaine Maxwell,1116
Alan Dershowitz,Gary Roxburgh,6,Nadia Marcinkova; Sarah Kellen; Virginia Giuffre; Jeffrey Epstein; Emmy Tayler; Ghislaine Maxwell,1110
Virginia Giuffre,Bobbi C. Sternheim,9,Bill Cosby; Alison J. Nathan; Sarah Ransome; Jeffrey S. Pagliuca; Laura Menninger; Sigrid McCawley; Jeffrey Epstein; Elizabeth Stein; Ghislaine Maxwell,1107
Hillary Clinton,David Copperfield,7,Darren K. Indyke; Virginia Giuffre; Leslie Wexner; Bradley Edwards; Ehud Barak; Jeffrey Epstein; Ghislaine Maxwell,1106
Hillary Clinton,Hezbollah,7,Unknown Israeli political leader; Syria; Iran; Bashar al-Assad; Shimon Peres; Ehud Barak; Israel,1106
Sarah Kellen,Sophie Biddle,8,Joel Pashcow; David Rodriguez; Emmy Tayler; Gary Roxburgh; Jeffrey Epstein; Paula Epsilon; Ghislaine Maxwell; Eva Dubin,1104
Iran,United States Congress,11,Barack Obama; United States Of America; Syrian opposition; Michael Cembalest; Kingdom of Saudi Arabia; Robert Gates; Ehud Barak; Jeffrey Epstein; George H.W. Bush; Benjamin Netanyahu,1100
Alan Dershowitz,Former Senator George Mitchell,6,Barack Obama; David Rodriguez; White House; Leslie Wexner; Jeffrey Epstein; Ghislaine Maxwell,1098
Alison J. Nathan,Susan Elizabeth Brune,8,"Theresa Trzaskoma; William H. Pauley, III; David K. Parse; Sterntheim; Richard Kahn; David Boies; Jeffrey Epstein; Ghislaine Maxwell",1096
Alan Dershowitz,Bashar al-Assad,6,Barack Obama; White House; United States Of America; Hillary Clinton; Israel; Ehud Olmert,1092
Reid Weingarten,Laura Menninger,12,Richard Berman; Alison J. Nathan; Maurene Ryan Coney; Alexander Rossmiller; David Oscar Markus; Audrey Strauss; Christian R. Everdell; Jeffrey S. Pagliuca; Court; Jeffrey Epstein,1092
Bradley Edwards,Michael Wolff,8,"James Patterson; Andrew, Duke of York; Hillary Clinton; Richard Kahn; Alan Dershowitz; Jeffrey Epstein; Ghislaine Maxwell; Trump",1088
Alan Dershowitz,Teala Davies,6,Nadia Marcinkova; Sarah Kellen; Larry Visoski; Jeffrey Epstein; Emmy Tayler; Ghislaine Maxwell,1086
Bradley Edwards,Emmy Tayler,7,"Jean-Luc Brunel; Sarah Kellen; Virginia Giuffre; Andrew, Duke of York; Alan Dershowitz; Jeffrey Epstein; Ghislaine Maxwell",1085
Richard Kahn,Larry Summers,10,Jared Kushner; Eric Roth; Steve Bannon; Larry Visoski; Hillary Clinton; Alan Dershowitz; Lesley Groff; Jeffrey Epstein; Ghislaine Maxwell; Trump,1080
Barack Obama,David Rodriguez,7,Larry Summers; Hillary Clinton; Alan Dershowitz; Former Senator George Mitchell; Jeffrey Epstein; Ghislaine Maxwell; Trump,1078
United States Of America,Palestinians,8,Unknown Israeli political leader; Barack Obama; Shimon Peres; Hillary Clinton; Yitzhak Rabin; Ehud Barak; Israel; Benjamin Netanyahu,1072
Barack Obama,Federal Bureau of Investigation Forensics Laboratory,7,Vladimir Putin; Nsa; Paul Krassner; Alan Dershowitz; Edward Snowden; Jeffrey Epstein; Trump,1071
Alan Dershowitz,Lynn Forester,6,David Rodriguez; Mandy Ellison; Celina Midelfart; Jeffrey Epstein; Ghislaine Maxwell; Larry Summers,1068
Hillary Clinton,Gwendolyn Beck,6,David Rodriguez; Sarah Kellen; Virginia Giuffre; Jeffrey Epstein; Ghislaine Maxwell; Larry Summers,1068
Ehud Barak,Russia,8,Barack Obama; Syria; Vladimir Putin; Iran; United States Of America; Tom Barrack; China; Jeffrey Epstein,1064
Alan Dershowitz,Al Gore,6,Jeffrey Epstein's residence; Virginia Giuffre; Jeffrey Epstein; Ghislaine Maxwell; media organizations; Larry Summers,1062
Hillary Clinton,Jay Lefkowitz,6,David Schoen; Kenneth Starr; Richard Kahn; Alan Dershowitz; Jeffrey Epstein; Ghislaine Maxwell,1062
Richard Kahn,Reid Weingarten,10,Alison J. Nathan; Mike Pence; Steve Bannon; New York Times; Chris Christie; Martin Weinberg; Jeffrey Epstein; Michael Cohen; Ghislaine Maxwell; Trump,1060
Eva Dubin,"Andrew, Duke of York",10,Nadia Marcinkova; Alexia Wallert; Sarah Kellen; Virginia Giuffre; Larry Visoski; Larry Morrison; Jeffrey Epstein; Emmy Tayler; Ghislaine Maxwell; Trump,1060
Ghislaine Maxwell,Nsa,3,Barack Obama; Jeffrey Epstein; United States Of America,1059
Ghislaine Maxwell,House Judiciary Committee,3,Trump; Jeffrey Epstein; Alan Dershowitz,1056
Alan Dershowitz,David Mullen,6,Nadia Marcinkova; Sarah Kellen; Larry Visoski; Adriana Ross; Jeffrey Epstein; Ghislaine Maxwell,1056
Hillary Clinton,Edward Snowden,5,Barack Obama; United States Of America; Jeffrey Epstein; Israel; Trump,1055
Ghislaine Maxwell,Egypt,3,Barack Obama; Ehud Barak; United States Of America,1053
Emmy Tayler,Larry Visoski,9,"Jean-Luc Brunel; Larry Summers; Sarah Kellen; Andrew, Duke of York; Alan Dershowitz; Jeffrey Epstein; Ghislaine Maxwell; Teala Davies; Eva Dubin",1053
Alan Dershowitz,Valdson Cotrin,6,Nadia Marcinkova; Sarah Kellen; Larry Visoski; Adriana Ross; Tatiana Kovylina; Jeffrey Epstein,1050
Alan Dershowitz,Unknown Israeli political leader,6,Barack Obama; United States Of America; Hillary Clinton; David Ben-Gurion; Yitzhak Rabin; Ehud Olmert,1050
Emmy Tayler,Larry Morrison,10,"Jean-Luc Brunel; Jonathan Mano; Sarah Kellen; Andrew, Duke of York; Gary Roxburgh; Larry Summers; Jeffrey Epstein; Ghislaine Maxwell; Teala Davies; Eva Dubin",1050
Larry Summers,"Andrew, Duke of York",11,Sarah Kellen; Leslie Wexner; Jes Staley; Larry Visoski; Hillary Clinton; Alan Dershowitz; Larry Morrison; Jeffrey Epstein; Emmy Tayler; Ghislaine Maxwell,1045
Alan Dershowitz,Natalya Malyshov,6,Nadia Marcinkova; Sarah Ransome; Sarah Kellen; Larry Visoski; Jeffrey Epstein; Ghislaine Maxwell,1044
Alan Dershowitz,Robert Glassman,6,Laura Menninger; Bradley Edwards; Sigrid McCawley; Jeffrey Epstein; Ghislaine Maxwell; Jack Scarola,1044
United States Of America,Jean-Luc Brunel,6,MC2 modeling agency; Virginia Giuffre; Bradley Edwards; Ehud Barak; Jeffrey Epstein; Ghislaine Maxwell,1044
United States Of America,New York Times,7,Harry Reems; Alan Dershowitz; Edward Snowden; Reid Weingarten; Jeffrey Epstein; Glenn Greenwald; Trump,1043
Barack Obama,U.S. Department of Justice (DOJ),7,White House; Nsa; Kathryn Ruemmler; Edward Snowden; Jeffrey Epstein; United States Congress; Trump,1043
Ghislaine Maxwell,James Comey,3,Tom Pritzker; Jeffrey Epstein; Trump,1041
Barack Obama,Mohammed bin Salman,8,White House; Syria; United States Of America; Kingdom of Saudi Arabia; Osama bin Laden; Jeffrey Epstein; George H.W. Bush; Trump,1040
Ghislaine Maxwell,Trump administration,3,Jeffrey Epstein; Richard Kahn; Alexander Acosta,1038
Ghislaine Maxwell,Osama bin Laden,3,Barack Obama; United States Attorney's Office; United States Of America,1038
United States Of America,Jack Scarola,7,Virginia Giuffre; Paul Cassell; Bradley Edwards; Alan Dershowitz; Jeffrey Epstein; Ghislaine Maxwell; Trump,1036
Ghislaine Maxwell,Associate Warden,3,Richard Berman; Jeffrey Epstein; Chief Psychologist,1035
Ghislaine Maxwell,Robert Mueller,3,Reid Weingarten; Jeffrey Epstein; Trump,1032
Ghislaine Maxwell,The Cincinnati Post,3,Larry Summers; Jeffrey Epstein; Trump,1032
Ghislaine Maxwell,Glenn Greenwald,3,State Of New York; Barack Obama; United States Of America,1029
Ghislaine Maxwell,Turkey,3,Jeffrey Epstein; Hillary Clinton; United States Of America,1029
Ghislaine Maxwell,CIA/BoozAllen,3,Cathy; Dominique Strauss-Kahn; Trump,1026
Ghislaine Maxwell,Unknown Israeli political leader,3,Barack Obama; Hillary Clinton; United States Of America,1026
Ghislaine Maxwell,David Benhamou,3,David K. Parse; Theresa Trzaskoma; Susan Elizabeth Brune,1026
Ghislaine Maxwell,Ehud Olmert,3,Ehud Barak; Jeffrey Epstein; Alan Dershowitz,1026
Bradley Edwards,"Jane, Annie, Kate, Carolyn, Virginia, and Melissa",9,Alison J. Nathan; Maurene Ryan Coney; Jeffrey S. Pagliuca; Lara Elizabeth Pomerantz; Damian Williams; Andrew Rohrbach; Jeffrey Epstein; Ghislaine Maxwell; Robert Glassman,1026
Virginia Giuffre,Larry Morrison,8,"Jean-Luc Brunel; Sarah Kellen; Andrew, Duke of York; Gary Roxburgh; Bradley Edwards; Jeffrey Epstein; Ghislaine Maxwell; Eva Dubin",1024
Ghislaine Maxwell,Palestinians,3,Barack Obama; Ehud Barak; Hillary Clinton,1023
Ghislaine Maxwell,Lee Plourde,3,Richard Berman; Jeffrey Epstein; Lamine N'DiayeLee Plourde,1023
Ghislaine Maxwell,James Petrucci,3,Richard Berman; Jeffrey Epstein; Lamine N'DiayeLee Plourde,1023
Barack Obama,Turkey,8,Syria; Iran; United States Of America; Syrian opposition; Dennis Ross; Hillary Clinton; Jeffrey Epstein; Israel,1016
Alan Dershowitz,China,5,Barack Obama; United States Of America; Trump; Jeffrey Epstein; Larry Summers,1015
Barack Obama,Sarah Kellen,5,Hillary Clinton; Alan Dershowitz; Jeffrey Epstein; Ghislaine Maxwell; Larry Summers,1015
"Andrew, Duke of York",Darren K. Indyke,11,Juan Alessi; Sarah Kellen; Larry Visoski; Hillary Clinton; Michael Wolff; Daily Mail Online; Alan Dershowitz; Richard Kahn; Jeffrey Epstein; Ghislaine Maxwell,1012
Hillary Clinton,David Boies,6,Virginia Giuffre; Bradley Edwards; Sigrid McCawley; Alan Dershowitz; Jeffrey Epstein; Ghislaine Maxwell,1008
United States Of America,David Boies,7,Virginia Giuffre; Paul Cassell; Bradley Edwards; Alan Dershowitz; Reid Weingarten; Jeffrey Epstein; Ghislaine Maxwell,1008
Sigrid McCawley,Damian Williams,14,Alison J. Nathan; Maurene Ryan Coney; Sarah Ransome; Christian R. Everdell; Jeffrey S. Pagliuca; Jack Scarola; Lara Elizabeth Pomerantz; Laura Menninger; Andrew Rohrbach; Bradley Edwards,1008
Hillary Clinton,Brent Tindall (Chef),6,Andrea Mitrovich; Sarah Kellen; Cindy Lopez (Buklarewicz); Larry Visoski; Jeffrey Epstein; Ghislaine Maxwell,1002
Alan Dershowitz,Susan Elizabeth Brune,5,Ms.Villaflana; Richard Kahn; David Boies; Jeffrey Epstein; Ghislaine Maxwell,1000
Steve Bannon,New York Times,8,"Jared Kushner; House Judiciary Committee; Michael Wolff; Rosenstein, Rob; Richard Kahn; Reid Weingarten; Jeffrey Epstein; Trump",1000
Ehud Barak,Richard Kahn,6,Boris Nikolic; Larry Visoski; Hillary Clinton; Noam Chomsky; Jeffrey Epstein; Ghislaine Maxwell,996
Sarah Kellen,Jeffrey S. Pagliuca,7,Juan Alessi; Virginia Giuffre; Joseph Recarey; Bradley Edwards; Jeffrey Epstein; Ghislaine Maxwell; Eva Dubin,994
Virginia Giuffre,Martin Weinberg,8,Richard Berman; Alison J. Nathan; Jeffrey S. Pagliuca; Federal Bureau of Investigation Forensics Laboratory; Alan Dershowitz; Jeffrey Epstein; Ghislaine Maxwell; media organizations,992
Jean-Luc Brunel,Andrea Mitrovich,12,Nadia Marcinkova; Brent Tindall (Chef); Sarah Kellen; Cindy Lopez (Buklarewicz); Susan Hamblin; Larry Visoski; Dana Burns; David Mullen; Larry Morrison; Jeffrey Epstein,984
United States Of America,media organizations,7,Virginia Giuffre; Steve Bannon; Alan Dershowitz; Edward Snowden; Jeffrey Epstein; Ghislaine Maxwell; Trump,980
Alison J. Nathan,Paul Cassell,7,Virginia Giuffre; Bradley Edwards; Sigrid McCawley; David Boies; Jeffrey Epstein; Ghislaine Maxwell; Jack Scarola,980
Laura Menninger,Paul Cassell,11,"Jeffery Pagliuca; Nicole Simmons; Virginia Giuffre; Robert W. Sweet; Andrew, Duke of York; Sigrid McCawley; Court; Alan Dershowitz; Aldrich; Jeffrey Epstein",979
Hillary Clinton,Mohammed bin Salman,6,Yasser Arafat; Syria; United States Of America; Michael Wolff; Jeffrey Epstein; Trump,978
United States Of America,David Rodriguez,6,Larry Summers; Hillary Clinton; Alan Dershowitz; Jeffrey Epstein; Ghislaine Maxwell; Trump,978
United States Of America,Mark Epstein,7,Vladimir Putin; Bradley Edwards; Larry Summers; Lesley Groff; Jeffrey Epstein; Ghislaine Maxwell; Trump,973
Sarah Kellen,Michael Wolff,7,"Darren K. Indyke; Andrew, Duke of York; Hillary Clinton; Alan Dershowitz; Jeffrey Epstein; Ghislaine Maxwell; media organizations",973
Alan Dershowitz,Bobbi C. Sternheim,5,Sarah Ransome; Laura Menninger; Sigrid McCawley; Jeffrey Epstein; Ghislaine Maxwell,970
Lesley Groff,Michael Wolff,10,Darren K. Indyke; Elisa New; Deepak Chopra; Hillary Clinton; Richard Kahn; Ghislaine Maxwell; Lawrence Krauss; Jeffrey Epstein; Nicholas Ribis; Trump,970
Bradley Edwards,Jack Goldberger,8,Jane Does; Sarah Kellen; Virginia Giuffre; Scott W. Rothstein; Alan Dershowitz; Epstein civil litigation cases; Jeffrey Epstein; Jack Scarola,968
Reid Weingarten,Sigrid McCawley,11,Richard Berman; Alison J. Nathan; Maurene Ryan Coney; Alexander Rossmiller; Christian R. Everdell; Jeffrey S. Pagliuca; Stanley Pottinger; Court; David Boies; Jeffrey Epstein,968
Sarah Kellen,Laura Menninger,7,"Virginia Giuffre; Joseph Recarey; Andrew, Duke of York; Court; Alan Dershowitz; Jeffrey Epstein; Ghislaine Maxwell",966
Alan Dershowitz,Christian R. Everdell,5,Laura Menninger; Sigrid McCawley; Martin Weinberg; Jeffrey Epstein; Ghislaine Maxwell,965
Hillary Clinton,Richard Berman,5,Virginia Giuffre; John Sullivan; Sigrid McCawley; Jeffrey Epstein; Ghislaine Maxwell,965
Iran,Larry Summers,9,Barack Obama; United States Of America; Michael Cembalest; China; Kingdom of Saudi Arabia; Hillary Clinton; Ehud Barak; Jeffrey Epstein; Trump,963
Laura Menninger,Jack Scarola,13,"Alison J. Nathan; Maurene Ryan Coney; Virginia Giuffre; Lara Elizabeth Pomerantz; Damian Williams; Andrew Rohrbach; Andrew, Duke of York; Sigrid McCawley; Court; Alan Dershowitz",962
Hillary Clinton,David Mullen,6,Andrea Mitrovich; Sarah Kellen; Larry Visoski; Jeffrey Epstein; Adriana Ross; Ghislaine Maxwell,960
Hillary Clinton,Jeffrey Epstein's residence,6,Virginia Giuffre; Kathryn Ruemmler; Michael Wolff; Alan Dershowitz; Ghislaine Maxwell; Trump,960
Steve Bannon,Syria,8,White House; Russia; United States Of America; Desiree Washington; China; Kingdom of Saudi Arabia; Benjamin Netanyahu; Trump,960
Sophie Biddle,Gwendolyn Beck,12,David Rodriguez; Joel Pashcow; Robin Plant; Tiffany Gramza; Celina Midelfart; Patricia Cayne; Anthony Barrett; Jim Cayne; Jeffrey Epstein; Emmy Tayler,960
Reid Weingarten,Lara Elizabeth Pomerantz,11,Richard Berman; Alison J. Nathan; Maurene Ryan Coney; Alexander Rossmiller; David Oscar Markus; Audrey Strauss; Christian R. Everdell; Jeffrey S. Pagliuca; Jeffrey Epstein; Mark Stewart Cohen,957
Hillary Clinton,Xi Jinping,6,Barack Obama; United States Of America; Joe Biden; California; Jeffrey Epstein; Trump,954
Hillary Clinton,Tatiana Kovylina,6,Sarah Kellen; Larry Visoski; Alan Dershowitz; Jeffrey Epstein; Adriana Ross; Ghislaine Maxwell,954
Hillary Clinton,Valdson Cotrin,6,Andrea Mitrovich; Sarah Kellen; Larry Visoski; Adriana Ross; Lesley Groff; Jeffrey Epstein,954
Richard Kahn,Eva Dubin,8,Alison J. Nathan; Darren K. Indyke; Larry Visoski; Lesley Groff; Natalie; Jeffrey Epstein; Ghislaine Maxwell; Trump,952
Trump,Susan Elizabeth Brune,3,Ghislaine Maxwell; Jeffrey Epstein; Richard Kahn,951
Israel,Unknown Israeli political leader,13,Barack Obama; Iran; United States Of America; Palestinians; Shimon Peres; Kingdom of Saudi Arabia; Hillary Clinton; David Ben-Gurion; Yitzhak Rabin; Hezbollah,949
Bradley Edwards,Edward Snowden,6,United States Attorney's Office; United States Attorney Southern District of Florida; United States Of America; U.S. Department of Justice (DOJ); Jeffrey Epstein; Trump,948
Richard Berman,Andrew Rohrbach,12,Alison J. Nathan; Maurene Ryan Coney; Alexander Rossmiller; Christian R. Everdell; Audrey Strauss; Jeffrey S. Pagliuca; Lara Elizabeth Pomerantz; Laura Menninger; Sigrid McCawley; Jeffrey Epstein,948
Barack Obama,Leslie Wexner,7,Larry Summers; Hillary Clinton; Alan Dershowitz; Former Senator George Mitchell; Jeffrey Epstein; Ghislaine Maxwell; Trump,945
Bradley Edwards,Elizabeth Stein,9,Farmer; Alison J. Nathan; Maurene Ryan Coney; Virginia Giuffre; Lara Elizabeth Pomerantz; Damian Williams; Andrew Rohrbach; Jeffrey Epstein; Ghislaine Maxwell,945
Israel,Larry Summers,9,Barack Obama; United States Of America; Kingdom of Saudi Arabia; Jes Staley; Hillary Clinton; Alan Dershowitz; Ehud Barak; Jeffrey Epstein; Trump,945
Sarah Kellen,Leslie Wexner,8,"Virginia Giuffre; Andrew, Duke of York; Bradley Edwards; Hillary Clinton; Alan Dershowitz; Jeffrey Epstein; Ghislaine Maxwell; Larry Summers",944
Barack Obama,"Andrew, Duke of York",6,Clarisse Thorn; Hillary Clinton; Alan Dershowitz; Jeffrey Epstein; Ghislaine Maxwell; Trump,942
Larry Summers,Michael Wolff,10,Jared Kushner; Tom Barrack; Steve Bannon; Elisa New; Kingdom of Saudi Arabia; Hillary Clinton; Alan Dershowitz; Jeffrey Epstein; Ghislaine Maxwell; Trump,940
Bradley Edwards,David Rodriguez,7,Sarah Kellen; Mark Epstein; Hillary Clinton; Alan Dershowitz; Jeffrey Epstein; Ghislaine Maxwell; Trump,938
Virginia Giuffre,Edward Snowden,6,United States Of America; United States Attorney Southern District of Florida; Federal Bureau of Investigation Forensics Laboratory; Jeffrey Epstein; media organizations; Trump,936
Larry Visoski,Gary Roxburgh,12,Nadia Marcinkova; Eva Dubin; Andrea Mitrovich; Brent Tindall (Chef); Sarah Kellen; Natalya Malyshov; Jennifer Kalin; Larry Morrison; Jeffrey Epstein; Ghislaine Maxwell,936
Bradley Edwards,Federal Bureau of Investigation Forensics Laboratory,7,Jean-Luc Brunel; Virginia Giuffre; Alfredo Rodriguez; Palm Beach Police Department; Alan Dershowitz; Jeffrey Epstein; Trump,931
Trump,Christian R. Everdell,3,Reid Weingarten; Jeffrey Epstein; Ghislaine Maxwell,930
Alan Dershowitz,Russia,5,Barack Obama; United States Of America; Jeffrey Epstein; Julian Assange; Trump,930
Barack Obama,Darren K. Indyke,6,Kathryn Ruemmler; Hillary Clinton; Alan Dershowitz; Jeffrey Epstein; Ghislaine Maxwell; Trump,930
Bradley Edwards,Kenneth Starr,8,plea agreement; U.S. Department of Justice (DOJ); United States Attorney Southern District of Florida; Hillary Clinton; Alan Dershowitz; Jeffrey Epstein; Alexander Acosta; Trump,928
Trump,Alexander Rossmiller,3,Reid Weingarten; Jeffrey Epstein; Ghislaine Maxwell,927
Trump,David K. Parse,3,Ghislaine Maxwell; Preet Bharara; Jack Scarola,927
Alan Dershowitz,Yasser Arafat,5,United States Of America; Hillary Clinton; Yitzhak Rabin; Israel; Benjamin Netanyahu,925
Jean-Luc Brunel,Adriana Ross,12,Nadia Marcinkova; underage girl; Sarah Kellen; Susan Hamblin; Larry Visoski; court deposition; Dana Burns; Bradley Edwards; David Mullen; Larry Morrison,924
Alan Dershowitz,Egypt,5,Barack Obama; United States Of America; Mahmoud Ahmadinejad; David Ben-Gurion; Israel,920
Hillary Clinton,Susan Elizabeth Brune,5,"William H. Pauley, III; Catherine Morgan Conrad; Richard Kahn; Jeffrey Epstein; Ghislaine Maxwell",920
United States Of America,Emmy Tayler,5,Virginia Giuffre; Alan Dershowitz; Jeffrey Epstein; Ghislaine Maxwell; Larry Summers,920
Edward Snowden,Jared Kushner,8,China; The Cincinnati Post; CIA/BoozAllen; House Judiciary Committee; Federal Bureau of Investigation Forensics Laboratory; New York Times; Jeffrey Epstein; Trump,920
Richard Kahn,Jean-Luc Brunel,8,Boris Nikolic; U.S. Department of Justice (DOJ); Darren K. Indyke; Larry Visoski; Bradley Edwards; Natalie; Jeffrey Epstein; Ghislaine Maxwell,920
Alan Dershowitz,Cindy Lopez (Buklarewicz),5,David Rodriguez; Sarah Kellen; Hillary Clinton; Jeffrey Epstein; Ghislaine Maxwell,915
Alan Dershowitz,Brent Tindall (Chef),5,Nadia Marcinkova; Sarah Kellen; Larry Visoski; Jeffrey Epstein; Ghislaine Maxwell,915
Steve Bannon,Virginia Giuffre,5,United States Of America; Charlie Rose; Jeffrey Epstein; media organizations; Trump,915
United States Of America,Paul Krassner,6,Barack Obama; Vladimir Putin; Hillary Clinton; Jeffrey Epstein; George H.W. Bush; Trump,912
Steve Bannon,Israel,6,United States Of America; Europe; Kingdom of Saudi Arabia; Jeffrey Epstein; Benjamin Netanyahu; Trump,912
Sarah Kellen,Mandy Ellison,8,Joel Pashcow; Gwendolyn Beck; Alan Dershowitz; Eva Dubin; Jeffrey Epstein; Emmy Tayler; Ghislaine Maxwell; Larry Summers,912
Alison J. Nathan,Jay Lefkowitz,7,Richard Berman; David Oscar Markus; Laura Menninger; Richard Kahn; Martin Weinberg; Jeffrey Epstein; Ghislaine Maxwell,910
Lesley Groff,Larry Morrison,10,Nadia Marcinkova; Valdson Cotrin; Sarah Kellen; Larry Visoski; Bradley Edwards; Larry Summers; Adriana Ross; Jeffrey Epstein; Ghislaine Maxwell; Eva Dubin,910
Jeffrey S. Pagliuca,Sarah Ransome,13,Farmer; Alison J. Nathan; Maurene Ryan Coney; Jane Kate; Virginia Giuffre; Lara Elizabeth Pomerantz; Damian Williams; Andrew Rohrbach; Sigrid McCawley; David Boies,910
Edward Snowden,Paul Krassner,9,Barack Obama; Vladimir Putin; Aclu; The Cincinnati Post; House Judiciary Committee; Federal Bureau of Investigation Forensics Laboratory; New York Times; Jeffrey Epstein; Trump,909
United States Of America,Palm Beach Police Department,6,Virginia Giuffre; Paul Cassell; Bradley Edwards; Alan Dershowitz; Jeffrey Epstein; Ghislaine Maxwell,906
Ehud Barak,Darren K. Indyke,6,Jean-Luc Brunel; Larry Visoski; Hillary Clinton; Ghislaine Maxwell; Jeffrey Epstein; David Copperfield,906
Alison J. Nathan,Jean-Luc Brunel,6,Darren K. Indyke; Virginia Giuffre; Michelle Michelle; Bradley Edwards; Jeffrey Epstein; Ghislaine Maxwell,906
Trump,Barry Krischer,3,Jeffrey Epstein; Kenneth Starr; Alan Dershowitz,900
